Workbook

Sheet Article
C2: 아티클 번호 입력 →
B6: CONTAINER | C6: Planned Logistics Receiving(Date) | E6: PA | F6: ItemNo | G6: ItemName | H6: LatestRcvDate | I6: LatestQty | J6: CSM id | K6: SSD | L6: EDS | M6: TYPE
A7: =_xlfn.XLOOKUP(B7,SHP!D:D,SHP!CW:CW,"") | B7: =IF( _xlfn.XLOOKUP(J7,SHP!F:F,SHP!D:D,"")="", "", _xlfn.XLOOKUP(J7,SHP!F:F,SHP!D:D,"") ) | C7: =IF( _xlfn.XLOOKUP(J7,SHP!F:F,SHP!G:G,"")="", "", _xlfn.XLOOKUP(J7,SHP!F:F,SHP!G:G,"") ) | E7: {=IF( H2="", "", _xlfn._xlws.FILTER( _2__ROI_Daily_Update[], LEFT(_2__ROI_Daily_Update[ItemNo]&"",LEN(H2&""))=H2&"", "검색 결과 없음" ) )}
A8: =_xlfn.XLOOKUP(B8,SHP!D:D,SHP!CW:CW,"") | B8: =IF( _xlfn.XLOOKUP(J8,SHP!F:F,SHP!D:D,"")="", "", _xlfn.XLOOKUP(J8,SHP!F:F,SHP!D:D,"") ) | C8: =IF( _xlfn.XLOOKUP(J8,SHP!F:F,SHP!G:G,"")="", "", _xlfn.XLOOKUP(J8,SHP!F:F,SHP!G:G,"") )
A9: =_xlfn.XLOOKUP(B9,SHP!D:D,SHP!CW:CW,"") | B9: =IF( _xlfn.XLOOKUP(J9,SHP!F:F,SHP!D:D,"")="", "", _xlfn.XLOOKUP(J9,SHP!F:F,SHP!D:D,"") ) | C9: =IF( _xlfn.XLOOKUP(J9,SHP!F:F,SHP!G:G,"")="", "", _xlfn.XLOOKUP(J9,SHP!F:F,SHP!G:G,"") )
A10: =_xlfn.XLOOKUP(B10,SHP!D:D,SHP!CW:CW,"") | B10: =IF( _xlfn.XLOOKUP(J10,SHP!F:F,SHP!D:D,"")="", "", _xlfn.XLOOKUP(J10,SHP!F:F,SHP!D:D,"") ) | C10: =IF( _xlfn.XLOOKUP(J10,SHP!F:F,SHP!G:G,"")="", "", _xlfn.XLOOKUP(J10,SHP!F:F,SHP!G:G,"") )
A11: =_xlfn.XLOOKUP(B11,SHP!D:D,SHP!CW:CW,"") | B11: =IF( _xlfn.XLOOKUP(J11,SHP!F:F,SHP!D:D,"")="", "", _xlfn.XLOOKUP(J11,SHP!F:F,SHP!D:D,"") ) | C11: =IF( _xlfn.XLOOKUP(J11,SHP!F:F,SHP!G:G,"")="", "", _xlfn.XLOOKUP(J11,SHP!F:F,SHP!G:G,"") )
A12: =_xlfn.XLOOKUP(B12,SHP!D:D,SHP!CW:CW,"") | B12: =IF( _xlfn.XLOOKUP(J12,SHP!F:F,SHP!D:D,"")="", "", _xlfn.XLOOKUP(J12,SHP!F:F,SHP!D:D,"") ) | C12: =IF( _xlfn.XLOOKUP(J12,SHP!F:F,SHP!G:G,"")="", "", _xlfn.XLOOKUP(J12,SHP!F:F,SHP!G:G,"") )
A13: =_xlfn.XLOOKUP(B13,SHP!D:D,SHP!CW:CW,"") | B13: =IF( _xlfn.XLOOKUP(J13,SHP!F:F,SHP!D:D,"")="", "", _xlfn.XLOOKUP(J13,SHP!F:F,SHP!D:D,"") ) | C13: =IF( _xlfn.XLOOKUP(J13,SHP!F:F,SHP!G:G,"")="", "", _xlfn.XLOOKUP(J13,SHP!F:F,SHP!G:G,"") )
A14: =_xlfn.XLOOKUP(B14,SHP!D:D,SHP!CW:CW,"") | B14: =IF( _xlfn.XLOOKUP(J14,SHP!F:F,SHP!D:D,"")="", "", _xlfn.XLOOKUP(J14,SHP!F:F,SHP!D:D,"") ) | C14: =IF( _xlfn.XLOOKUP(J14,SHP!F:F,SHP!G:G,"")="", "", _xlfn.XLOOKUP(J14,SHP!F:F,SHP!G:G,"") )
A15: =_xlfn.XLOOKUP(B15,SHP!D:D,SHP!CW:CW,"") | B15: =IF( _xlfn.XLOOKUP(J15,SHP!F:F,SHP!D:D,"")="", "", _xlfn.XLOOKUP(J15,SHP!F:F,SHP!D:D,"") ) | C15: =IF( _xlfn.XLOOKUP(J15,SHP!F:F,SHP!G:G,"")="", "", _xlfn.XLOOKUP(J15,SHP!F:F,SHP!G:G,"") )
A16: =_xlfn.XLOOKUP(B16,SHP!D:D,SHP!CW:CW,"") | B16: =IF( _xlfn.XLOOKUP(J16,SHP!F:F,SHP!D:D,"")="", "", _xlfn.XLOOKUP(J16,SHP!F:F,SHP!D:D,"") ) | C16: =IF( _xlfn.XLOOKUP(J16,SHP!F:F,SHP!G:G,"")="", "", _xlfn.XLOOKUP(J16,SHP!F:F,SHP!G:G,"") )
A17: =_xlfn.XLOOKUP(B17,SHP!D:D,SHP!CW:CW,"") | B17: =IF( _xlfn.XLOOKUP(J17,SHP!F:F,SHP!D:D,"")="", "", _xlfn.XLOOKUP(J17,SHP!F:F,SHP!D:D,"") ) | C17: =IF( _xlfn.XLOOKUP(J17,SHP!F:F,SHP!G:G,"")="", "", _xlfn.XLOOKUP(J17,SHP!F:F,SHP!G:G,"") )
A18: =_xlfn.XLOOKUP(B18,SHP!D:D,SHP!CW:CW,"") | B18: =IF( _xlfn.XLOOKUP(J18,SHP!F:F,SHP!D:D,"")="", "", _xlfn.XLOOKUP(J18,SHP!F:F,SHP!D:D,"") ) | C18: =IF( _xlfn.XLOOKUP(J18,SHP!F:F,SHP!G:G,"")="", "", _xlfn.XLOOKUP(J18,SHP!F:F,SHP!G:G,"") )
A19: =_xlfn.XLOOKUP(B19,SHP!D:D,SHP!CW:CW,"") | B19: =IF( _xlfn.XLOOKUP(J19,SHP!F:F,SHP!D:D,"")="", "", _xlfn.XLOOKUP(J19,SHP!F:F,SHP!D:D,"") ) | C19: =IF( _xlfn.XLOOKUP(J19,SHP!F:F,SHP!G:G,"")="", "", _xlfn.XLOOKUP(J19,SHP!F:F,SHP!G:G,"") )
... A72: =_xlfn.XLOOKUP(B72,SHP!D:D,SHP!CW:CW,"") | B72: =IF( _xlfn.XLOOKUP(J72,SHP!F:F,SHP!D:D,"")="", "", _xlfn.XLOOKUP(J72,SHP!F:F,SHP!D:D,"") ) | C72: =IF( _xlfn.XLOOKUP(J72,SHP!F:F,SHP!G:G,"")="", "", _xlfn.XLOOKUP(J72,SHP!F:F,SHP!G:G,"") )
A73: =_xlfn.XLOOKUP(B73,SHP!D:D,SHP!CW:CW,"")
A74: =_xlfn.XLOOKUP(B74,SHP!D:D,SHP!CW:CW,"")
A75: =_xlfn.XLOOKUP(B75,SHP!D:D,SHP!CW:CW,"")
A76: =_xlfn.XLOOKUP(B76,SHP!D:D,SHP!CW:CW,"")
A77: =_xlfn.XLOOKUP(B77,SHP!D:D,SHP!CW:CW,"")
A78: =_xlfn.XLOOKUP(B78,SHP!D:D,SHP!CW:CW,"")
A79: =_xlfn.XLOOKUP(B79,SHP!D:D,SHP!CW:CW,"")
A80: =_xlfn.XLOOKUP(B80,SHP!D:D,SHP!CW:CW,"")
A81: =_xlfn.XLOOKUP(B81,SHP!D:D,SHP!CW:CW,"")
A82: =_xlfn.XLOOKUP(B82,SHP!D:D,SHP!CW:CW,"")
A83: =_xlfn.XLOOKUP(B83,SHP!D:D,SHP!CW:CW,"") -> 0
A84: =_xlfn.XLOOKUP(B84,SHP!D:D,SHP!CW:CW,"") -> 0
... A300: =_xlfn.XLOOKUP(B300,SHP!D:D,SHP!CW:CW,"")

Sheet ROI
A1: PA | B1: ItemNo | C1: ItemName | D1: LatestRcvDate | E1: LatestQty | F1: CSM id | G1: SSD | H1: EDS | I1: TYPE | J1: ItemNo1 | K1: GDGY
A2: 431 | B2: 90561119 | C2: STORKLINTA chest/4 drw 70x50x98 white AP | D2: 46286 | E2: 8 | F2: 22715SUPECIS74434 | G2: 20261001 | I2: DD | J2: 90561119 | K2: =_xlfn.XLOOKUP(_2__ROI_Daily_Update[[#This Row],[CSM id]],SHP!F:F,SHP!EE:EE,"-") -> 0
A3: 431 | B3: 50561116 | C3: STORKLINTA chest/3 drw 70x50x75 white AP | D3: 46286 | E3: 6 | F3: 22715SUPECIS74434 | G3: 20261001 | I3: DD | J3: 50561116 | K3: =_xlfn.XLOOKUP(_2__ROI_Daily_Update[[#This Row],[CSM id]],SHP!F:F,SHP!EE:EE,"-") -> 0
A4: 214 | B4: 60275685 | C4: OXBERG door 40x97 white AP CN | D4: 46286 | E4: 70 | F4: 22715SUPECIS74434 | G4: 20140801 | I4: DD | J4: 60275685 | K4: =_xlfn.XLOOKUP(_2__ROI_Daily_Update[[#This Row],[CSM id]],SHP!F:F,SHP!EE:EE,"-") -> 0
A5: 431 | B5: 90559282 | C5: STORKLINTA chest/6 drw 70x50x120 white AP | D5: 46286 | E5: 8 | F5: 22715SUPECIS74434 | G5: 20261001 | I5: DD | J5: 90559282 | K5: =_xlfn.XLOOKUP(_2__ROI_Daily_Update[[#This Row],[CSM id]],SHP!F:F,SHP!EE:EE,"-") -> 0
A6: 431 | B6: 80561247 | C6: STORKLINTA chest/6 drw 140x50x75 white AP | D6: 46286 | E6: 8 | F6: 22715SUPECIS74434 | G6: 20261001 | I6: DD | J6: 80561247 | K6: =_xlfn.XLOOKUP(_2__ROI_Daily_Update[[#This Row],[CSM id]],SHP!F:F,SHP!EE:EE,"-") -> 0
A7: 1821 | B7: 90321619 | C7: SKÅDIS pgbrd 76x56 white AP CN | D7: 46286 | E7: 30 | F7: 22715SUPECIS74434 | G7: 20180201 | I7: DD | J7: 90321619 | K7: =_xlfn.XLOOKUP(_2__ROI_Daily_Update[[#This Row],[CSM id]],SHP!F:F,SHP!EE:EE,"-") -> 0
A8: 1821 | B8: 90321619 | C8: SKÅDIS pgbrd 76x56 white AP CN | D8: 46287 | E8: 30 | F8: 22715SUPECIS74800 | G8: 20180201 | I8: DD | J8: 90321619 | K8: =_xlfn.XLOOKUP(_2__ROI_Daily_Update[[#This Row],[CSM id]],SHP!F:F,SHP!EE:EE,"-") -> 0
A9: 1821 | B9: 30320806 | C9: SKÅDIS pgbrd 56x56 white AP CN | D9: 46287 | E9: 30 | F9: 22715SUPECIS74800 | G9: 20180201 | I9: DD | J9: 30320806 | K9: =_xlfn.XLOOKUP(_2__ROI_Daily_Update[[#This Row],[CSM id]],SHP!F:F,SHP!EE:EE,"-") -> 0
A10: 431 | B10: 90559282 | C10: STORKLINTA chest/6 drw 70x50x120 white AP | D10: 46287 | E10: 24 | F10: 22715SUPECIS74800 | G10: 20261001 | I10: DD | J10: 90559282 | K10: =_xlfn.XLOOKUP(_2__ROI_Daily_Update[[#This Row],[CSM id]],SHP!F:F,SHP!EE:EE,"-") -> 0
A11: 217 | B11: 00483263 | C11: VIHALS cb w sliding drs 95x47x90 white AP | D11: 46287 | E11: 70 | F11: 22715SUPECIS74800 | G11: 20220701 | I11: DD | J11: 483263 | K11: =_xlfn.XLOOKUP(_2__ROI_Daily_Update[[#This Row],[CSM id]],SHP!F:F,SHP!EE:EE,"-") -> 0
A12: 431 | B12: 90561119 | C12: STORKLINTA chest/4 drw 70x50x98 white AP | D12: 46287 | E12: 48 | F12: 22715SUPECIS74800 | G12: 20261001 | I12: DD | J12: 90561119 | K12: =_xlfn.XLOOKUP(_2__ROI_Daily_Update[[#This Row],[CSM id]],SHP!F:F,SHP!EE:EE,"-") -> 0
A13: 431 | B13: 50561116 | C13: STORKLINTA chest/3 drw 70x50x75 white AP | D13: 46287 | E13: 12 | F13: 22715SUPECIS74800 | G13: 20261001 | I13: DD | J13: 50561116 | K13: =_xlfn.XLOOKUP(_2__ROI_Daily_Update[[#This Row],[CSM id]],SHP!F:F,SHP!EE:EE,"-") -> 0
... A25: 1551 | B25: 60279725 | C25: IKEA 365+ mug 24 cl clear glass AP JP | D25: 46288 | E25: 192 | F25: 258DT260824726627 | G25: 20150401 | I25: HF | J25: 60279725 | K25: =_xlfn.XLOOKUP(_2__ROI_Daily_Update[[#This Row],[CSM id]],SHP!F:F,SHP!EE:EE,"-") -> 0
A26: 1511 | B26: 60321079 | C26: UPPVISPAD plate 22 white AP JP | D26: 46295 | E26: 42 | F26: 294DT260902726408 | G26: 20200601 | H26: 46388 | I26: LF | J26: 60321079 | K26: =_xlfn.XLOOKUP(_2__ROI_Daily_Update[[#This Row],[CSM id]],SHP!F:F,SHP!EE:EE,"-") -> 0
A27: 1511 | B27: 60592419 | C27: STOCKHOLM 2025 plate 26 black 2-p AP | D27: 46295 | E27: 22 | F27: 294DT260902726408 | G27: 20250401 | I27: LF | J27: 60592419 | K27: =_xlfn.XLOOKUP(_2__ROI_Daily_Update[[#This Row],[CSM id]],SHP!F:F,SHP!EE:EE,"-") -> 0
A28: 1422 | B28: 80563430 | C28: MÅNÖGA scissors stainless steel/black AP | D28: 46295 | E28: 272 | F28: 319DT260902726409 | G28: 20240101 | I28: LF | J28: 80563430 | K28: =_xlfn.XLOOKUP(_2__ROI_Daily_Update[[#This Row],[CSM id]],SHP!F:F,SHP!EE:EE,"-") -> 0
A29: 1412 | B29: 70324553 | C29: SENSUELL frying pan 28 stainless steel/grey AP JP | D29: 46295 | E29: 24 | F29: 319DT260902726409 | G29: 20160801 | I29: LF | J29: 70324553 | K29: =_xlfn.XLOOKUP(_2__ROI_Daily_Update[[#This Row],[CSM id]],SHP!F:F,SHP!EE:EE,"-") -> 0
A30: 1511 | B30: 50636555 | C30: VARDAGEN side plate 22 white AP | D30: 46295 | E30: 72 | F30: 294DT260902726408 | G30: 20261001 | I30: LF | J30: 50636555 | K30: =_xlfn.XLOOKUP(_2__ROI_Daily_Update[[#This Row],[CSM id]],SHP!F:F,SHP!EE:EE,"-") -> 0
A31: 1412 | B31: 70580699 | C31: IKEA 365+ NN frying pan 20 stnls/non-stick AP | D31: 46295 | E31: 140 | F31: 319DT260902726409 | G31: 20240701 | I31: LF | J31: 70580699 | K31: =_xlfn.XLOOKUP(_2__ROI_Daily_Update[[#This Row],[CSM id]],SHP!F:F,SHP!EE:EE,"-") -> 0
A32: 1412 | B32: 70587177 | C32: PUCKELLAX frying pan 28 non-stick coating AP | D32: 46295 | E32: 72 | F32: 319DT260902726409 | G32: 20250101 | I32: LF | J32: 70587177 | K32: =_xlfn.XLOOKUP(_2__ROI_Daily_Update[[#This Row],[CSM id]],SHP!F:F,SHP!EE:EE,"-") -> 0
A33: 1424 | B33: 80313323 | C33: OSTBIT serv plate 42 bamboo AP CN | D33: 46295 | E33: 46 | F33: 319DT260902726409 | G33: 20160701 | I33: LF | J33: 80313323 | K33: =_xlfn.XLOOKUP(_2__ROI_Daily_Update[[#This Row],[CSM id]],SHP!F:F,SHP!EE:EE,"-") -> 0
A34: 1511 | B34: 60600424 | C34: FÄRGKLAR side plate 20 light blue AP | D34: 46295 | E34: 132 | F34: 319DT260902726409 | G34: 20260101 | I34: LF | J34: 60600424 | K34: =_xlfn.XLOOKUP(_2__ROI_Daily_Update[[#This Row],[CSM id]],SHP!F:F,SHP!EE:EE,"-") -> 0
A35: 1511 | B35: 60282997 | C35: IKEA 365+ bowl 9 rounded sides white 2-p AP JP | D35: 46295 | E35: 108 | F35: 294DT260902726408 | G35: 20150401 | I35: LF | J35: 60282997 | K35: =_xlfn.XLOOKUP(_2__ROI_Daily_Update[[#This Row],[CSM id]],SHP!F:F,SHP!EE:EE,"-") -> 0
A36: 1511 | B36: 50607807 | C36: DAGGASTER deep plate 19 dotted/light beige AP | D36: 46295 | E36: 240 | F36: 319DT260902726409 | G36: 20251001 | I36: LF | J36: 50607807 | K36: =_xlfn.XLOOKUP(_2__ROI_Daily_Update[[#This Row],[CSM id]],SHP!F:F,SHP!EE:EE,"-") -> 0
A37: 1511 | B37: 50600759 | C37: GLADELIG plate 20x13 grey AP | D37: 46295 | E37: 105 | F37: 319DT260902726409 | G37: 20250701 | I37: LF | J37: 50600759 | K37: =_xlfn.XLOOKUP(_2__ROI_Daily_Update[[#This Row],[CSM id]],SHP!F:F,SHP!EE:EE,"-") -> 0
A38: 1422 | B38: 70581482 | C38: VARDAGEN zester w handle 33 stnls steel/beech AP | D38: 46295 | E38: 112 | F38: 319DT260902726409 | G38: 20241001 | I38: LF | J38: 70581482 | K38: =_xlfn.XLOOKUP(_2__ROI_Daily_Update[[#This Row],[CSM id]],SHP!F:F,SHP!EE:EE,"-") -> 0
A39: 1633 | B39: 10638896 | C39: VINTERFINT 2026 bowl w lid 18 red/white AP | D39: 46295 | E39: 12 | F39: 319DT260902726409 | G39: 20261001 | H39: 46388 | I39: LF | J39: 10638896 | K39: =_xlfn.XLOOKUP(_2__ROI_Daily_Update[[#This Row],[CSM id]],SHP!F:F,SHP!EE:EE,"-") -> 0
A40: 1512 | B40: 00603091 | C40: PINNLILJA serv bowl s2 AP | D40: 46295 | E40: 108 | F40: 294DT260902726408 | G40: 20260701 | I40: LF | J40: 603091 | K40: =_xlfn.XLOOKUP(_2__ROI_Daily_Update[[#This Row],[CSM id]],SHP!F:F,SHP!EE:EE,"-") -> 0
A41: 1511 | B41: 30621220 | C41: KEJSERLIG NN bowl 10 mixed colours 3-p AP | D41: 46295 | E41: 108 | F41: 319DT260902726409 | G41: 20260401 | H41: 46569 | I41: LF | J41: 30621220 | K41: =_xlfn.XLOOKUP(_2__ROI_Daily_Update[[#This Row],[CSM id]],SHP!F:F,SHP!EE:EE,"-") -> 0
A42: 1431 | B42: 10419059 | C42: EKLATANT jar/lid 1.8 l clear glass/bamboo AP | D42: 46295 | E42: 126 | F42: 319DT260902726409 | G42: 20251001 | I42: LF | J42: 10419059 | K42: =_xlfn.XLOOKUP(_2__ROI_Daily_Update[[#This Row],[CSM id]],SHP!F:F,SHP!EE:EE,"-") -> 0
A43: 1633 | B43: 10632936 | C43: KUSTFYR 2026 tin w lid s3 pumpk-shpd mix col AP | D43: 46295 | E43: 48 | F43: 319DT260902726409 | G43: 20260801 | H43: 46388 | I43: LF | J43: 10632936 | K43: =_xlfn.XLOOKUP(_2__ROI_Daily_Update[[#This Row],[CSM id]],SHP!F:F,SHP!EE:EE,"-") -> 0
A44: 1541 | B44: 40642707 | C44: VINTERFINT 2026 paper napkin 33x33 st/gn/wh 30p AP | D44: 46295 | E44: 280 | F44: 294DT260902726408 | G44: 20261001 | H44: 46388 | I44: LF | J44: 40642707 | K44: =_xlfn.XLOOKUP(_2__ROI_Daily_Update[[#This Row],[CSM id]],SHP!F:F,SHP!EE:EE,"-") -> 0
A45: 1412 | B45: 90324552 | C45: SENSUELL frying pan 24 stainless steel/grey AP JP | D45: 46295 | E45: 12 | F45: 319DT260902726409 | G45: 20160801 | I45: LF | J45: 90324552 | K45: =_xlfn.XLOOKUP(_2__ROI_Daily_Update[[#This Row],[CSM id]],SHP!F:F,SHP!EE:EE,"-") -> 0
A46: 1422 | B46: 80422322 | C46: IKEA 365+ mandoline black AP | D46: 46295 | E46: 64 | F46: 319DT260902726409 | G46: 20191001 | I46: LF | J46: 80422322 | K46: =_xlfn.XLOOKUP(_2__ROI_Daily_Update[[#This Row],[CSM id]],SHP!F:F,SHP!EE:EE,"-") -> 0
A47: 1412 | B47: 80484254 | C47: IKEA 365+ N saute pan 24 stainless steel AP | D47: 46295 | E47: 12 | F47: 319DT260902726409 | G47: 20220101 | I47: LF | J47: 80484254 | K47: =_xlfn.XLOOKUP(_2__ROI_Daily_Update[[#This Row],[CSM id]],SHP!F:F,SHP!EE:EE,"-") -> 0
A48: 1511 | B48: 40609736 | C48: SILVERSIDA side plate 20 patterned/blue AP | D48: 46295 | E48: 144 | F48: 294DT260902726408 | G48: 20251001 | I48: LF | J48: 40609736 | K48: =_xlfn.XLOOKUP(_2__ROI_Daily_Update[[#This Row],[CSM id]],SHP!F:F,SHP!EE:EE,"-") -> 0
A49: 1511 | B49: 40631488 | C49: STRIMMIG plate 27 stoneware pale grey-green AP | D49: 46295 | E49: 36 | F49: 319DT260902726409 | G49: 20260701 | I49: LF | J49: 40631488 | K49: =_xlfn.XLOOKUP(_2__ROI_Daily_Update[[#This Row],[CSM id]],SHP!F:F,SHP!EE:EE,"-") -> 0
A50: 1412 | B50: 70609476 | C50: GULDÖRING frying pan 24 non-stick stnls/blkgrey AP | D50: 46295 | E50: 224 | F50: 319DT260902726409 | G50: 20260701 | I50: LF | J50: 70609476 | K50: =_xlfn.XLOOKUP(_2__ROI_Daily_Update[[#This Row],[CSM id]],SHP!F:F,SHP!EE:EE,"-") -> 0
A51: 1511 | B51: 50600434 | C51: FÄRGKLAR deep plate 23 light pink AP | D51: 46295 | E51: 60 | F51: 319DT260902726409 | G51: 20250701 | I51: LF | J51: 50600434 | K51: =_xlfn.XLOOKUP(_2__ROI_Daily_Update[[#This Row],[CSM id]],SHP!F:F,SHP!EE:EE,"-") -> 0
A52: 1821 | B52: 70569927 | C52: SKÅDIS container w lid transparent/black 3-p AP | D52: 46295 | E52: 28 | F52: 294DT260902726408 | G52: 20240101 | H52: 46478 | I52: LF | J52: 70569927 | K52: =_xlfn.XLOOKUP(_2__ROI_Daily_Update[[#This Row],[CSM id]],SHP!F:F,SHP!EE:EE,"-") -> 0
A53: 1422 | B53: 90633734 | C53: IDEALISK strainer 14 stainless steel AP | D53: 46295 | E53: 240 | F53: 319DT260902726409 | G53: 20261001 | I53: LF | J53: 90633734 | K53: =_xlfn.XLOOKUP(_2__ROI_Daily_Update[[#This Row],[CSM id]],SHP!F:F,SHP!EE:EE,"-") -> 0
A54: 1424 | B54: 90515165 | C54: UPPFYLLD preparation bowl 18 mixed colours 3-p AP | D54: 46295 | E54: 480 | F54: 294DT260902726408 | G54: 20220701 | I54: LF | J54: 90515165 | K54: =_xlfn.XLOOKUP(_2__ROI_Daily_Update[[#This Row],[CSM id]],SHP!F:F,SHP!EE:EE,"-") -> 0
A55: 1511 | B55: 30609732 | C55: SILVERSIDA bowl 14 patterned/blue AP | D55: 46295 | E55: 196 | F55: 294DT260902726408 | G55: 20251001 | I55: LF | J55: 30609732 | K55: =_xlfn.XLOOKUP(_2__ROI_Daily_Update[[#This Row],[CSM id]],SHP!F:F,SHP!EE:EE,"-") -> 0
A56: 1424 | B56: 40233427 | C56: APTITLIG chopping board 24x15 bamboo AP CN | D56: 46295 | E56: 30 | F56: 319DT260902726409 | G56: 20141201 | I56: LF | J56: 40233427 | K56: =_xlfn.XLOOKUP(_2__ROI_Daily_Update[[#This Row],[CSM id]],SHP!F:F,SHP!EE:EE,"-") -> 0
A57: 1511 | B57: 90636558 | C57: VARDAGEN bowl 17 white AP | D57: 46295 | E57: 48 | F57: 294DT260902726408 | G57: 20261001 | I57: LF | J57: 90636558 | K57: =_xlfn.XLOOKUP(_2__ROI_Daily_Update[[#This Row],[CSM id]],SHP!F:F,SHP!EE:EE,"-") -> 0
A58: 1552 | B58: 60297847 | C58: RIKLIG teapot 0.6 l glass AP JP | D58: 46295 | E58: 48 | F58: 319DT260902726409 | G58: 20150401 | I58: LF | J58: 60297847 | K58: =_xlfn.XLOOKUP(_2__ROI_Daily_Update[[#This Row],[CSM id]],SHP!F:F,SHP!EE:EE,"-") -> 0
A59: 1511 | B59: 70614294 | C59: SPJUTLILJA serving s3 mixed colours AP | D59: 46295 | E59: 8 | F59: 294DT260902726408 | G59: 20260401 | H59: 46478 | I59: LF | J59: 70614294 | K59: =_xlfn.XLOOKUP(_2__ROI_Daily_Update[[#This Row],[CSM id]],SHP!F:F,SHP!EE:EE,"-") -> 0
A60: 1511 | B60: 90607805 | C60: DAGGASTER plate 26 dotted/light beige AP | D60: 46295 | E60: 238 | F60: 319DT260902726409 | G60: 20251001 | I60: LF | J60: 90607805 | K60: =_xlfn.XLOOKUP(_2__ROI_Daily_Update[[#This Row],[CSM id]],SHP!F:F,SHP!EE:EE,"-") -> 0
A61: 1423 | B61: 60606652 | C61: STJÄRNSTÖR cook's knife 16 stnls/dgrey AP | D61: 46295 | E61: 88 | F61: 319DT260902726409 | G61: 20250701 | I61: LF | J61: 60606652 | K61: =_xlfn.XLOOKUP(_2__ROI_Daily_Update[[#This Row],[CSM id]],SHP!F:F,SHP!EE:EE,"-") -> 0
A62: 1552 | B62: 10360233 | C62: ÖVERST metal filter coffee s3 stainless steel AP | D62: 46295 | E62: 48 | F62: 319DT260902726409 | G62: 20180401 | I62: LF | J62: 10360233 | K62: =_xlfn.XLOOKUP(_2__ROI_Daily_Update[[#This Row],[CSM id]],SHP!F:F,SHP!EE:EE,"-") -> 0
A63: 1551 | B63: 90615103 | C63: PANSARMAL mug 27 cl white AP | D63: 46295 | E63: 80 | F63: 319DT260902726409 | G63: 20260101 | H63: 46753 | I63: LF | J63: 90615103 | K63: =_xlfn.XLOOKUP(_2__ROI_Daily_Update[[#This Row],[CSM id]],SHP!F:F,SHP!EE:EE,"-") -> 0
A64: 1551 | B64: 40635504 | C64: SKUGGSTUBB mug 41 cl light blue/glass AP | D64: 46295 | E64: 72 | F64: 319DT260902726409 | G64: 20260701 | I64: LF | J64: 40635504 | K64: =_xlfn.XLOOKUP(_2__ROI_Daily_Update[[#This Row],[CSM id]],SHP!F:F,SHP!EE:EE,"-") -> 0
A65: 1552 | B65: 70163215 | C65: MÅTTLIG milkfrothing jug 0,5l stainl steel AP JP | D65: 46295 | E65: 32 | F65: 319DT260902726409 | G65: 20141201 | I65: LF | J65: 70163215 | K65: =_xlfn.XLOOKUP(_2__ROI_Daily_Update[[#This Row],[CSM id]],SHP!F:F,SHP!EE:EE,"-") -> 0
A66: 1551 | B66: 90603690 | C66: TOBISFISK mug 33 cl blue/lilac AP | D66: 46295 | E66: 90 | F66: 319DT260902726409 | G66: 20251001 | I66: LF | J66: 90603690 | K66: =_xlfn.XLOOKUP(_2__ROI_Daily_Update[[#This Row],[CSM id]],SHP!F:F,SHP!EE:EE,"-") -> 0
A67: 1551 | B67: 80638398 | C67: GRÅRÄV mug 34 cl multicolour 2-p AP | D67: 46295 | E67: 16 | F67: 294DT260902726408 | G67: 20261001 | H67: 46478 | I67: LF | J67: 80638398 | K67: =_xlfn.XLOOKUP(_2__ROI_Daily_Update[[#This Row],[CSM id]],SHP!F:F,SHP!EE:EE,"-") -> 0
A68: 1551 | B68: 80635502 | C68: SKEDSTÖR mug 30 cl patterned/glass 2-p AP | D68: 46295 | E68: 80 | F68: 319DT260902726409 | G68: 20261001 | I68: LF | J68: 80635502 | K68: =_xlfn.XLOOKUP(_2__ROI_Daily_Update[[#This Row],[CSM id]],SHP!F:F,SHP!EE:EE,"-") -> 0
A69: 1412 | B69: 10587175 | C69: PUCKELLAX frying pan 20 non-stick coating AP | D69: 46295 | E69: 240 | F69: 319DT260902726409 | G69: 20250101 | I69: LF | J69: 10587175 | K69: =_xlfn.XLOOKUP(_2__ROI_Daily_Update[[#This Row],[CSM id]],SHP!F:F,SHP!EE:EE,"-") -> 0
A70: 1551 | B70: 70615095 | C70: BLOMVECKLARE mug 43 cl light pink AP | D70: 46295 | E70: 72 | F70: 319DT260902726409 | G70: 20260101 | I70: LF | J70: 70615095 | K70: =_xlfn.XLOOKUP(_2__ROI_Daily_Update[[#This Row],[CSM id]],SHP!F:F,SHP!EE:EE,"-") -> 0
A71: 1423 | B71: 10521943 | C71: UPPFYLLD paring knife, set of 3 mixed colours AP | D71: 46295 | E71: 30 | F71: 319DT260902726409 | G71: 20220701 | H71: 46388 | I71: LF | J71: 10521943 | K71: =_xlfn.XLOOKUP(_2__ROI_Daily_Update[[#This Row],[CSM id]],SHP!F:F,SHP!EE:EE,"-") -> 0
A72: 1551 | B72: 60632321 | C72: KUSTFYR 2026 mug 36 cl cat pattern white/black AP | D72: 46295 | E72: 72 | F72: 294DT260902726408 | G72: 20260801 | H72: 46388 | I72: LF | J72: 60632321 | K72: =_xlfn.XLOOKUP(_2__ROI_Daily_Update[[#This Row],[CSM id]],SHP!F:F,SHP!EE:EE,"-") -> 0
A73: 1511 | B73: 80609782 | C73: FÄRGKLAR bowl 16 matt dark grey AP | D73: 46295 | E73: 32 | F73: 319DT260902726409 | G73: 20260701 | I73: LF | J73: 80609782 | K73: =_xlfn.XLOOKUP(_2__ROI_Daily_Update[[#This Row],[CSM id]],SHP!F:F,SHP!EE:EE,"-") -> 0
A74: 1422 | B74: 90561713 | C74: KORKEN strnr/funnel s3 stainless steel AP | D74: 46295 | E74: 32 | F74: 319DT260902726409 | G74: 20231001 | I74: LF | J74: 90561713 | K74: =_xlfn.XLOOKUP(_2__ROI_Daily_Update[[#This Row],[CSM id]],SHP!F:F,SHP!EE:EE,"-") -> 0
A75: 1412 | B75: 30587909 | C75: IKEA 365+ frying pan 13 stnls/non-stick AP | D75: 46295 | E75: 225 | F75: 319DT260902726409 | G75: 20241001 | I75: LF | J75: 30587909 | K75: =_xlfn.XLOOKUP(_2__ROI_Daily_Update[[#This Row],[CSM id]],SHP!F:F,SHP!EE:EE,"-") -> 0
A76: 1552 | B76: 80241388 | C76: UPPHETTA coffee/tea maker 1l glass/stainl st AP JP | D76: 46295 | E76: 96 | F76: 319DT260902726409 | G76: 20141201 | I76: LF | J76: 80241388 | K76: =_xlfn.XLOOKUP(_2__ROI_Daily_Update[[#This Row],[CSM id]],SHP!F:F,SHP!EE:EE,"-") -> 0
A77: 1551 | B77: 20603684 | C77: TOBISFISK mug 33 cl patterned/beige AP | D77: 46295 | E77: 150 | F77: 319DT260902726409 | G77: 20260101 | I77: LF | J77: 20603684 | K77: =_xlfn.XLOOKUP(_2__ROI_Daily_Update[[#This Row],[CSM id]],SHP!F:F,SHP!EE:EE,"-") -> 0
A78: 1511 | B78: 60608948 | C78: PELARKAKTUS side plate 20 green AP | D78: 46295 | E78: 72 | F78: 294DT260902726408 | G78: 20251001 | I78: LF | J78: 60608948 | K78: =_xlfn.XLOOKUP(_2__ROI_Daily_Update[[#This Row],[CSM id]],SHP!F:F,SHP!EE:EE,"-") -> 0
A79: 1413 | B79: 20174645 | C79: KONCIS roasting tin 34x24 stainless steel AP JP | D79: 46295 | E79: 135 | F79: 319DT260902726409 | G79: 20141201 | I79: LF | J79: 20174645 | K79: =_xlfn.XLOOKUP(_2__ROI_Daily_Update[[#This Row],[CSM id]],SHP!F:F,SHP!EE:EE,"-") -> 0
A80: 1424 | B80: 30613017 | C80: FINFÖRDELA bendablechoppbrd28x36dgrn/greytur 2p AP | D80: 46295 | E80: 1300 | F80: 294DT260902726408 | G80: 20260101 | I80: LF | J80: 30613017 | K80: =_xlfn.XLOOKUP(_2__ROI_Daily_Update[[#This Row],[CSM id]],SHP!F:F,SHP!EE:EE,"-") -> 0
A81: 1424 | B81: 20557248 | C81: APTITLIG chopping board 31x15 bamboo AP | D81: 46295 | E81: 180 | F81: 319DT260902726409 | G81: 20231001 | I81: LF | J81: 20557248 | K81: =_xlfn.XLOOKUP(_2__ROI_Daily_Update[[#This Row],[CSM id]],SHP!F:F,SHP!EE:EE,"-") -> 0
A82: 1412 | B82: 60609472 | C82: GULDÖRING frying pan 20 non-stick stnls/blkgrey AP | D82: 46295 | E82: 196 | F82: 319DT260902726409 | G82: 20260701 | I82: LF | J82: 60609472 | K82: =_xlfn.XLOOKUP(_2__ROI_Daily_Update[[#This Row],[CSM id]],SHP!F:F,SHP!EE:EE,"-") -> 0
A83: 1551 | B83: 00601799 | C83: SILVERSIDA mug 40 cl patterned/blue AP | D83: 46295 | E83: 180 | F83: 294DT260902726408 | G83: 20250401 | I83: LF | J83: 601799 | K83: =_xlfn.XLOOKUP(_2__ROI_Daily_Update[[#This Row],[CSM id]],SHP!F:F,SHP!EE:EE,"-") -> 0
A84: 1511 | B84: 70600414 | C84: FÄRGKLAR plate 26 light blue AP | D84: 46295 | E84: 51 | F84: 319DT260902726409 | G84: 20260101 | I84: LF | J84: 70600414 | K84: =_xlfn.XLOOKUP(_2__ROI_Daily_Update[[#This Row],[CSM id]],SHP!F:F,SHP!EE:EE,"-") -> 0
... A86: 1423 | B86: 90602469 | C86: VARDAGEN santoku knife 16 stnls/waln AP | D86: 46295 | E86: 32 | F86: 319DT260902726409 | G86: 20250701 | I86: LF | J86: 90602469 | K86: =_xlfn.XLOOKUP(_2__ROI_Daily_Update[[#This Row],[CSM id]],SHP!F:F,SHP!EE:EE,"-") -> 0
A87: 1511 | B87: 70607731 | C87: SANDSKÄDDA bowl 14 yellow AP | D87: 46295 | E87: 54 | F87: 294DT260902726408 | G87: 20251001 | H87: 46478 | I87: LF | J87: 70607731 | K87: =_xlfn.XLOOKUP(_2__ROI_Daily_Update[[#This Row],[CSM id]],SHP!F:F,SHP!EE:EE,"-") -> 0
A88: 1511 | B88: 70607806 | C88: DAGGASTER side plate 20 dotted/light beige AP | D88: 46295 | E88: 187 | F88: 319DT260902726409 | G88: 20251001 | I88: LF | J88: 70607806 | K88: =_xlfn.XLOOKUP(_2__ROI_Daily_Update[[#This Row],[CSM id]],SHP!F:F,SHP!EE:EE,"-") -> 0
A89: 1412 | B89: 60580096 | C89: HEMKOMST N frying pan 24 stnls/non-stick AP | D89: 46295 | E89: 12 | F89: 319DT260902726409 | G89: 20240401 | H89: 46569 | I89: LF | J89: 60580096 | K89: =_xlfn.XLOOKUP(_2__ROI_Daily_Update[[#This Row],[CSM id]],SHP!F:F,SHP!EE:EE,"-") -> 0
A90: 1511 | B90: 90609791 | C90: FÄRGKLAR plate 26 matt dark grey AP | D90: 46295 | E90: 51 | F90: 319DT260902726409 | G90: 20260701 | I90: LF | J90: 90609791 | K90: =_xlfn.XLOOKUP(_2__ROI_Daily_Update[[#This Row],[CSM id]],SHP!F:F,SHP!EE:EE,"-") -> 0
A91: 1423 | B91: 90287936 | C91: IKEA 365+ vegetable knife 16 stainless steel AP JP | D91: 46295 | E91: 40 | F91: 319DT260902726409 | G91: 20150401 | I91: LF | J91: 90287936 | K91: =_xlfn.XLOOKUP(_2__ROI_Daily_Update[[#This Row],[CSM id]],SHP!F:F,SHP!EE:EE,"-") -> 0
A92: 1511 | B92: 70607811 | C92: DAGGASTER bowl 14 dotted/light beige AP | D92: 46295 | E92: 336 | F92: 319DT260902726409 | G92: 20251001 | I92: LF | J92: 70607811 | K92: =_xlfn.XLOOKUP(_2__ROI_Daily_Update[[#This Row],[CSM id]],SHP!F:F,SHP!EE:EE,"-") -> 0
A93: 1411 | B93: 30633751 | C93: KLOCKREN lid 20/22/24 glass/dark grey AP | D93: 46295 | E93: 44 | F93: 319DT260902726409 | G93: 20261001 | I93: LF | J93: 30633751 | K93: =_xlfn.XLOOKUP(_2__ROI_Daily_Update[[#This Row],[CSM id]],SHP!F:F,SHP!EE:EE,"-") -> 0
A94: 1552 | B94: 90532725 | C94: IKEA 365+ coffee/tea maker 1 l cl gls/stnls AP | D94: 46295 | E94: 32 | F94: 319DT260902726409 | G94: 20230401 | I94: LF | J94: 90532725 | K94: =_xlfn.XLOOKUP(_2__ROI_Daily_Update[[#This Row],[CSM id]],SHP!F:F,SHP!EE:EE,"-") -> 0
A95: 1424 | B95: 40613007 | C95: BERGTUNGA chopping board s2 bright yellow/lilac AP | D95: 46295 | E95: 360 | F95: 294DT260902726408 | G95: 20260101 | I95: LF | J95: 40613007 | K95: =_xlfn.XLOOKUP(_2__ROI_Daily_Update[[#This Row],[CSM id]],SHP!F:F,SHP!EE:EE,"-") -> 0
A96: 1633 | B96: 20630545 | C96: HÖSTAGILLE 2026 bowl w lid 13 green-brown AP | D96: 46295 | E96: 36 | F96: 319DT260902726409 | G96: 20260801 | H96: 46388 | I96: LF | J96: 20630545 | K96: =_xlfn.XLOOKUP(_2__ROI_Daily_Update[[#This Row],[CSM id]],SHP!F:F,SHP!EE:EE,"-") -> 0
A97: 1431 | B97: 10595910 | C97: IKEA 365+ lid 32x21 large rectangular/bamboo AP | D97: 46295 | E97: 96 | F97: 319DT260902726409 | G97: 20250401 | I97: LF | J97: 10595910 | K97: =_xlfn.XLOOKUP(_2__ROI_Daily_Update[[#This Row],[CSM id]],SHP!F:F,SHP!EE:EE,"-") -> 0
A98: 1511 | B98: 30607380 | C98: STRANDKRABBA deep plate 19 glass/transparent AP | D98: 46295 | E98: 144 | F98: 319DT260902726409 | G98: 20251001 | I98: LF | J98: 30607380 | K98: =_xlfn.XLOOKUP(_2__ROI_Daily_Update[[#This Row],[CSM id]],SHP!F:F,SHP!EE:EE,"-") -> 0
A99: 1431 | B99: 40605696 | C99: BETTHAJ tin w lid 0.6 l for coffee/tea/silv-col AP | D99: 46295 | E99: 81 | F99: 319DT260902726409 | G99: 20251001 | I99: LF | J99: 40605696 | K99: =_xlfn.XLOOKUP(_2__ROI_Daily_Update[[#This Row],[CSM id]],SHP!F:F,SHP!EE:EE,"-") -> 0
A100: 1511 | B100: 00631353 | C100: KUSTFYR 2026 side plate 20 mixed patterns 4-p AP | D100: 46295 | E100: 15 | F100: 294DT260902726408 | G100: 20260801 | H100: 46388 | I100: LF | J100: 631353 | K100: =_xlfn.XLOOKUP(_2__ROI_Daily_Update[[#This Row],[CSM id]],SHP!F:F,SHP!EE:EE,"-") -> 0
A101: 1511 | B101: 10588721 | C101: GLADELIG plate 10 grey 2-p AP | D101: 46295 | E101: 96 | F101: 319DT260902726409 | G101: 20240701 | I101: LF | J101: 10588721 | K101: =_xlfn.XLOOKUP(_2__ROI_Daily_Update[[#This Row],[CSM id]],SHP!F:F,SHP!EE:EE,"-") -> 0
A102: 983 | B102: 10158189 | C102: FABLER cutlery s3 stainless steel AP JP | D102: 46295 | E102: 84 | F102: 319DT260902726409 | G102: 20141201 | I102: LF | J102: 10158189 | K102: =_xlfn.XLOOKUP(_2__ROI_Daily_Update[[#This Row],[CSM id]],SHP!F:F,SHP!EE:EE,"-") -> 0
A103: 1531 | B103: 50609590 | C103: DOFTSKÖLD cutlery s24 black AP | D103: 46295 | E103: 7 | F103: 319DT260902726409 | G103: 20251001 | I103: LF | J103: 50609590 | K103: =_xlfn.XLOOKUP(_2__ROI_Daily_Update[[#This Row],[CSM id]],SHP!F:F,SHP!EE:EE,"-") -> 0
A104: 1431 | B104: 30638584 | C104: BRUGDHAJ jar/lid 1.9 l beige AP | D104: 46295 | E104: 60 | F104: 319DT260902726409 | G104: 20261001 | I104: LF | J104: 30638584 | K104: =_xlfn.XLOOKUP(_2__ROI_Daily_Update[[#This Row],[CSM id]],SHP!F:F,SHP!EE:EE,"-") -> 0
A105: 1511 | B105: 10592332 | C105: KRUSTISTEL side plate 20 patterned/light beige AP | D105: 46295 | E105: 69 | F105: 294DT260902726408 | G105: 20250401 | I105: LF | J105: 10592332 | K105: =_xlfn.XLOOKUP(_2__ROI_Daily_Update[[#This Row],[CSM id]],SHP!F:F,SHP!EE:EE,"-") -> 0
A106: 1414 | B106: 20586161 | C106: VARDAGEN mix bowl 4 l stainless steel AP | D106: 46295 | E106: 40 | F106: 319DT260902726409 | G106: 20241001 | I106: LF | J106: 20586161 | K106: =_xlfn.XLOOKUP(_2__ROI_Daily_Update[[#This Row],[CSM id]],SHP!F:F,SHP!EE:EE,"-") -> 0
A107: 1511 | B107: 10592426 | C107: STOCKHOLM 2025 deep plate 25 white 2-p AP | D107: 46295 | E107: 21 | F107: 294DT260902726408 | G107: 20250401 | H107: 46661 | I107: LF | J107: 10592426 | K107: =_xlfn.XLOOKUP(_2__ROI_Daily_Update[[#This Row],[CSM id]],SHP!F:F,SHP!EE:EE,"-") -> 0
A108: 1511 | B108: 10600431 | C108: FÄRGKLAR bowl 16 light blue AP | D108: 46295 | E108: 128 | F108: 319DT260902726409 | G108: 20260101 | I108: LF | J108: 10600431 | K108: =_xlfn.XLOOKUP(_2__ROI_Daily_Update[[#This Row],[CSM id]],SHP!F:F,SHP!EE:EE,"-") -> 0
A109: 1431 | B109: 30624228 | C109: SPJUTLILJA spice mill s2 16 black/light beige AP | D109: 46295 | E109: 10 | F109: 319DT260902726409 | G109: 20260401 | I109: LF | J109: 30624228 | K109: =_xlfn.XLOOKUP(_2__ROI_Daily_Update[[#This Row],[CSM id]],SHP!F:F,SHP!EE:EE,"-") -> 0
A110: 1414 | B110: 20527355 | C110: GUBBRÖRA rbbr spatula black/white AP | D110: 46295 | E110: 232 | F110: 319DT260902726409 | G110: 20261001 | I110: LF | J110: 20527355 | K110: =_xlfn.XLOOKUP(_2__ROI_Daily_Update[[#This Row],[CSM id]],SHP!F:F,SHP!EE:EE,"-") -> 0
A111: 1511 | B111: 10607734 | C111: SANDSKÄDDA side plate 20 yellow AP | D111: 46295 | E111: 44 | F111: 294DT260902726408 | G111: 20251001 | H111: 46478 | I111: LF | J111: 10607734 | K111: =_xlfn.XLOOKUP(_2__ROI_Daily_Update[[#This Row],[CSM id]],SHP!F:F,SHP!EE:EE,"-") -> 0
A112: 1511 | B112: 10609733 | C112: SILVERSIDA plate 26 patterned/blue AP | D112: 46295 | E112: 144 | F112: 294DT260902726408 | G112: 20251001 | I112: LF | J112: 10609733 | K112: =_xlfn.XLOOKUP(_2__ROI_Daily_Update[[#This Row],[CSM id]],SHP!F:F,SHP!EE:EE,"-") -> 0
...

Sheet Data
A1: {=_xlfn.LET( _xlpm.src, SHP!A:AH, _xlpm.lastRow, MAX((SHP!A:AH<>"")*ROW(SHP!A:AH)), _xlfn.TAKE(_xlpm.src, _xlpm.lastRow) )} -> TYPE | B1: TYPE_1 | C1: BL | D1: Container NO. | E1: Lut Code | F1: Csm Id | G1: Planned Logistics Receiving(Date) | H1: Planned Logistics Receiving(Time) | I1: Cus. Date | J1: Customs Inspection Date | K1: Actual Arrival Date | L1: shipment ID | M1: Csm Stat | N1: Shp Id | O1: Shp Stat | P1: Shp CarContact | Q1: Shp DayCre | R1: Cnee Code | S1: Cnee Type | T1: Total Art Qty (pcs) | U1: Csm VolNetTot | V1: Csm VolGroTot | W1: Csm WeiGroTot | X1: Csm ArrDayPlan | Y1: ShpRou RecPldArrDate | Z1: LuTrL ActDepDate | AA1: Carrier Code | AB1: Carrier Name | AC1: Seal | AD1: Vessel Name | AE1: Voyage No | AF1: Start Cty | AG1: Start Type | AH1: Start Code
A2: DD | C2: MAEUIK0223295 | D2: TCNU5314437 | E2: C40HC | F2: 19720SUPECIS214232 | G2: 46316 | H2: 0.27083333 | I2: 46303 | J2: 0 | K2: 46303 | L2: 373-STO-S10000031673 | M2: 400 | N2: 012TSOS10000407873 | O2: 400 | P2: HEDXU | Q2: 46279 | R2: 726 | S2: STO | T2: 15061 | U2: 56.914439 | V2: 61.256584 | W2: 7562.76 | X2: 46304 | Y2: 46303 | Z2: 46292 | AA2: 31825 | AB2: MAERSK A/S | AC2: CN8689338 | AD2: MAERSK NANSHA | AE2: 638N | AF2: CN | AG2: PRT | AH2: CNNSA
A3: DD | B3: MILK RUN NOR | C3: MAEUIK0222834 | D3: MIEU4249438 | E3: C40HC | F3: 22715SUPECIS75024 | G3: 46316 | H3: 0.35416667 | I3: 46307 | J3: 0 | K3: 46305 | L3: 373-STO-S10000031661 | M3: 400 | N3: 037TSOS10000702465 | O3: 350 | P3: JIZHU80 | Q3: 46275 | R3: 726 | S3: STO | T3: 164 | U3: 5.067238 | V3: 5.435276 | W3: 1983.56 | X3: 46311 | Y3: 46305 | Z3: 0 | AA3: 31825 | AB3: MAERSK A/S | AC3: CN8245167 | AD3: MERATUS JIMBARAN | AE3: 638N | AF3: CN | AG3: PRT | AH3: CNSHA
A4: LF | B4: 0 | C4: MAEUIK0220641 | D4: MIEU4024977 | E4: C40HC | F4: 294DT260826726664 | G4: 46315 | H4: 0.27083333 | I4: 46302 | J4: 0 | K4: 46300 | L4: 373-STO-S10000031671 | M4: 400 | N4: 258DTS10000201064 | O4: 350 | P4: LARXU | Q4: 46260 | R4: 726 | S4: STO | T4: 3377 | U4: 7.235952 | V4: 7.84381039 | W4: 1509.796 | X4: 46299 | Y4: 46300 | Z4: 0 | AA4: 31825 | AB4: MAERSK A/S | AC4: CN7277998 | AD4: GSL ELEFTHERIA | AE4: 637N | AF4: CN | AG4: PRT | AH4: CNSHA
A5: LF | B5: 0 | C5: MAEUIK0220641 | D5: MIEU4024977 | E5: C40HC | F5: 319DT260826726665 | G5: 46315 | H5: 0.27083333 | I5: 46302 | J5: 0 | K5: 46300 | L5: 373-STO-S10000031671 | M5: 400 | N5: 258DTS10000201064 | O5: 350 | P5: LARXU | Q5: 46260 | R5: 726 | S5: STO | T5: 13562 | U5: 40.904855 | V5: 44.13954984 | W5: 9133.879 | X5: 46299 | Y5: 46300 | Z5: 0 | AA5: 31825 | AB5: MAERSK A/S | AC5: CN7277998 | AD5: GSL ELEFTHERIA | AE5: 637N | AF5: CN | AG5: PRT | AH5: CNSHA
A6: HF | B6: 0 | C6: MAEUIK0222603 | D6: CAJU5753527 | E6: C40HC | F6: 258DT260909726619 | G6: 46315 | H6: 0.625 | I6: 46307 | J6: 0 | K6: 46305 | L6: 373-STO-S10000031672 | M6: 400 | N6: 258DTS10000203144 | O6: 350 | P6: 0 | Q6: 46274 | R6: 726 | S6: STO | T6: 6927 | U6: 48.972276 | V6: 52.63371671 | W6: 6585.397 | X6: 46299 | Y6: 46305 | Z6: 0 | AA6: 31825 | AB6: MAERSK A/S | AC6: CN8245126 | AD6: MERATUS JIMBARAN | AE6: 638N | AF6: CN | AG6: PRT | AH6: CNSHA
A7: HF | B7: 0 | C7: MAEUIK0222603 | D7: CAJU5753527 | E7: C40HC | F7: 277DT260909726620 | G7: 46315 | H7: 0.625 | I7: 46307 | J7: 0 | K7: 46305 | L7: 373-STO-S10000031672 | M7: 400 | N7: 258DTS10000203144 | O7: 350 | P7: 0 | Q7: 46274 | R7: 726 | S7: STO | T7: 2602 | U7: 6.940198 | V7: 7.441753 | W7: 1068.502 | X7: 46299 | Y7: 46305 | Z7: 0 | AA7: 31825 | AB7: MAERSK A/S | AC7: CN8245126 | AD7: MERATUS JIMBARAN | AE7: 638N | AF7: CN | AG7: PRT | AH7: CNSHA
A8: DD | B8: MILK RUN NOR | C8: MAEUIK0222136 | D8: GATU8481853 | E8: C40HC | F8: 21072SUPECIS76085 | G8: 46314 | H8: 0.35416667 | I8: 46307 | J8: 0 | K8: 46304 | L8: 373-STO-S10000031632 | M8: 400 | N8: 037TSOS10000698570 | O8: 350 | P8: LINLI65 | Q8: 46271 | R8: 726 | S8: STO | T8: 156 | U8: 4.539972 | V8: 4.841639 | W8: 1999.62 | X8: 46293 | Y8: 46304 | Z8: 0 | AA8: 31825 | AB8: MAERSK A/S | AC8: CN8989674 | AD8: GJERTRUD MAERSK | AE8: 638E | AF8: CN | AG8: PRT | AH8: CNNGB
A9: LF | B9: 0 | C9: MAEUIK0221076 | D9: MIEU3937673 | E9: C40HC | F9: 294DT260828726913 | G9: 46314 | H9: 0.27083333 | I9: 46303 | J9: 0 | K9: 46300 | L9: 373-STO-S10000031638 | M9: 400 | N9: 258DTS10000201515 | O9: 350 | P9: LARXU | Q9: 46262 | R9: 726 | S9: STO | T9: 11249 | U9: 15.890792 | V9: 17.13080399 | W9: 3153.507 | X9: 46299 | Y9: 46300 | Z9: 0 | AA9: 31825 | AB9: MAERSK A/S | AC9: CN7277991 | AD9: GSL ELEFTHERIA | AE9: 637N | AF9: CN | AG9: PRT | AH9: CNSHA
A10: LF | B10: 0 | C10: MAEUIK0221076 | D10: MIEU3937673 | E10: C40HC | F10: 319DT260828726914 | G10: 46314 | H10: 0.27083333 | I10: 46303 | J10: 0 | K10: 46300 | L10: 373-STO-S10000031638 | M10: 400 | N10: 258DTS10000201515 | O10: 350 | P10: LARXU | Q10: 46262 | R10: 726 | S10: STO | T10: 10034 | U10: 32.237779 | V10: 34.78955881 | W10: 7090.924 | X10: 46299 | Y10: 46300 | Z10: 0 | AA10: 31825 | AB10: MAERSK A/S | AC10: CN7277991 | AD10: GSL ELEFTHERIA | AE10: 637N | AF10: CN | AG10: PRT | AH10: CNSHA
A11: DD | B11: MILK RUN NOR | C11: MAEUIK0221730 | D11: MIEU4055031 | E11: C40HC | F11: 21072SUPECIS75985 | G11: 46313 | H11: 0.35416667 | I11: 46307 | J11: 0 | K11: 46304 | L11: 373-STO-S10000031603 | M11: 400 | N11: 037TSOS10000696475 | O11: 350 | P11: LINLI65 | Q11: 46268 | R11: 726 | S11: STO | T11: 204 | U11: 5.917482 | V11: 6.312573 | W11: 2962.82 | X11: 46293 | Y11: 46304 | Z11: 0 | AA11: 31825 | AB11: MAERSK A/S | AC11: CN9083167 | AD11: GJERTRUD MAERSK | AE11: 638E | AF11: CN | AG11: PRT | AH11: CNNGB
A12: HF | B12: 0 | C12: MAEUIK0222031 | D12: MIEU4248386 | E12: C40HC | F12: 258DT260904726418 | G12: 46313 | H12: 0.26041667 | I12: 46307 | J12: 0 | K12: 46305 | L12: 373-STO-S10000031617 | M12: 400 | N12: 258DTS10000202574 | O12: 350 | P12: 0 | Q12: 46269 | R12: 726 | S12: STO | T12: 6394 | U12: 55.448337 | V12: 60.24409681 | W12: 10041.689 | X12: 46298 | Y12: 46305 | Z12: 0 | AA12: 31825 | AB12: MAERSK A/S | AC12: CN8245186 | AD12: MERATUS JIMBARAN | AE12: 638N | AF12: CN | AG12: PRT | AH12: CNSHA
A13: DD | B13: MILK RUN NOR | C13: PLISH7H50874 | D13: HLHU8363061 | E13: C40HC | F13: 21072SUPECIS76473 | G13: 46312 | H13: 0.35416667 | I13: 46303 | J13: 0 | K13: 46303 | L13: 373-STO-S10000031593 | M13: 400 | N13: 037TSOS10000709772 | O13: 300 | P13: LINLI65 | Q13: 46288 | R13: 726 | S13: STO | T13: 204 | U13: 5.768894 | V13: 6.136606 | W13: 2268.98 | X13: 46304 | Y13: 46302 | Z13: 0 | AA13: 33300 | AB13: LX PANTOS CO., LTD. | AC13: 123123 | AD13: SAWASDEE SIRIUS | AE13: 2626E | AF13: CN | AG13: PRT | AH13: CNNGB
A14: HF | B14: 0 | C14: MAEUIK0221456 | D14: MRKU5905253 | E14: C40HC | F14: 258DT260901726134 | G14: 46312 | H14: 0.26041667 | I14: 46302 | J14: 0 | K14: 46300 | L14: 373-STO-S10000031599 | M14: 400 | N14: 258DTS10000201885 | O14: 350 | P14: JEGAO9 | Q14: 46266 | R14: 726 | S14: STO | T14: 7206 | U14: 52.9611 | V14: 56.90923493 | W14: 10466.317 | X14: 46299 | Y14: 46300 | Z14: 0 | AA14: 31825 | AB14: MAERSK A/S | AC14: CN8117899 | AD14: GSL ELEFTHERIA | AE14: 637N | AF14: CN | AG14: PRT | AH14: CNSHA
A15: HF | B15: 0 | C15: MAEUIK0221456 | D15: MRKU5905253 | E15: C40HC | F15: 258DT260901726136 | G15: 46312 | H15: 0.26041667 | I15: 46302 | J15: 0 | K15: 46300 | L15: 373-STO-S10000031599 | M15: 400 | N15: 258DTS10000201885 | O15: 350 | P15: JEGAO9 | Q15: 46266 | R15: 726 | S15: STO | T15: 220 | U15: 2.79726 | V15: 2.985278 | W15: 824.622 | X15: 46299 | Y15: 46300 | Z15: 0 | AA15: 31825 | AB15: MAERSK A/S | AC15: CN8117899 | AD15: GSL ELEFTHERIA | AE15: 637N | AF15: CN | AG15: PRT | AH15: CNSHA
A16: HF | B16: 0 | C16: MAEUIK0221456 | D16: MRKU5905253 | E16: C40HC | F16: 277DT260901726137 | G16: 46312 | H16: 0.26041667 | I16: 46302 | J16: 0 | K16: 46300 | L16: 373-STO-S10000031599 | M16: 400 | N16: 258DTS10000201885 | O16: 350 | P16: JEGAO9 | Q16: 46266 | R16: 726 | S16: STO | T16: 128 | U16: 0.524288 | V16: 0.556875 | W16: 37.76 | X16: 46299 | Y16: 46300 | Z16: 0 | AA16: 31825 | AB16: MAERSK A/S | AC16: CN8117899 | AD16: GSL ELEFTHERIA | AE16: 637N | AF16: CN | AG16: PRT | AH16: CNSHA
A17: DD | B17: MILK RUN NOR | C17: MAEUIK0222640 | D17: MIEU4026136 | E17: C40HC | F17: 22715SUPECIS74434 | G17: 46312 | H17: 0.35416667 | I17: 46302 | J17: 0 | K17: 46300 | L17: 373-STO-S10000031592 | M17: 400 | N17: 037TSOS10000701591 | O17: 350 | P17: HEDXU | Q17: 46274 | R17: 726 | S17: STO | T17: 130 | U17: 5.51538 | V17: 5.913997 | W17: 2074.79 | X17: 46286 | Y17: 46300 | Z17: 0 | AA17: 31825 | AB17: MAERSK A/S | AC17: CN8118336 | AD17: GSL ELEFTHERIA | AE17: 637N | AF17: CN | AG17: PRT | AH17: CNSHA
A18: LF | B18: 0 | C18: MAEUIK0220633 | D18: MIEU4026408 | E18: C40HC | F18: 294DT260826726667 | G18: 46311 | H18: 0.27083333 | I18: 46302 | J18: 0 | K18: 46300 | L18: 373-STO-S10000031572 | M18: 400 | N18: 258DTS10000201056 | O18: 350 | P18: LARXU | Q18: 46260 | R18: 726 | S18: STO | T18: 1324 | U18: 5.167979 | V18: 5.57277518 | W18: 1073.011 | X18: 46299 | Y18: 46300 | Z18: 0 | AA18: 31825 | AB18: MAERSK A/S | AC18: CN7277908 | AD18: GSL ELEFTHERIA | AE18: 637N | AF18: CN | AG18: PRT | AH18: CNSHA
A19: LF | B19: 0 | C19: MAEUIK0220633 | D19: MIEU4026408 | E19: C40HC | F19: 319DT260826726668 | G19: 46311 | H19: 0.27083333 | I19: 46302 | J19: 0 | K19: 46300 | L19: 373-STO-S10000031572 | M19: 400 | N19: 258DTS10000201056 | O19: 350 | P19: LARXU | Q19: 46260 | R19: 726 | S19: STO | T19: 12744 | U19: 43.098395 | V19: 46.33617804 | W19: 7481.412 | X19: 46299 | Y19: 46300 | Z19: 0 | AA19: 31825 | AB19: MAERSK A/S | AC19: CN7277908 | AD19: GSL ELEFTHERIA | AE19: 637N | AF19: CN | AG19: PRT | AH19: CNSHA
A20: DD | B20: MILK RUN NOR | C20: MAEUIK0222641 | D20: MIEU4250531 | E20: C40HC | F20: 22715SUPECIS74800 | G20: 46311 | H20: 0.35416667 | I20: 46301 | J20: 0 | K20: 46300 | L20: 373-STO-S10000031558 | M20: 400 | N20: 037TSOS10000701589 | O20: 350 | P20: HEDXU | Q20: 46274 | R20: 726 | S20: STO | T20: 284 | U20: 18.975908 | V20: 20.261386 | W20: 8158.02 | X20: 46287 | Y20: 46300 | Z20: 0 | AA20: 31825 | AB20: MAERSK A/S | AC20: CN8117812 | AD20: GSL ELEFTHERIA | AE20: 637N | AF20: CN | AG20: PRT | AH20: CNSHA
A21: DD | B21: MILK RUN NOR | C21: MAEUIK0220980 | D21: CAAU5980289 | E21: C40HC | F21: 21072SUPECIS75793 | G21: 46310 | H21: 0.35416667 | I21: 46302 | J21: 46301 | K21: 46298 | L21: 373-STO-S10000031553 | M21: 400 | N21: 037TSOS10000692070 | O21: 350 | P21: LINLI65 | Q21: 46261 | R21: 726 | S21: STO | T21: 195 | U21: 6.568349 | V21: 6.98245 | W21: 2702.47 | X21: 46286 | Y21: 46298 | Z21: 0 | AA21: 31825 | AB21: MAERSK A/S | AC21: CN6570542 | AD21: MUNDRA EXPRESS | AE21: 637E | AF21: CN | AG21: PRT | AH21: CNNGB
A22: HF | B22: F/C | C22: MAEUIK0220276 | D22: MRSU2805377 | E22: C40HC | F22: 258DT260824726627 | G22: 46310 | H22: 0.27083333 | I22: 46302 | J22: 0 | K22: 46285 | L22: 373-STO-S10000031571 | M22: 400 | N22: 258DTS10000200778 | O22: 350 | P22: 0 | Q22: 46258 | R22: 726 | S22: STO | T22: 25043 | U22: 46.062759 | V22: 49.8495584 | W22: 8479.826 | X22: 46271 | Y22: 46285 | Z22: 0 | AA22: 31825 | AB22: MAERSK A/S | AC22: CN4909050 | AD22: XIN BIN ZHOU | AE22: 635N | AF22: CN | AG22: PRT | AH22: CNSHA
A23: HF | B23: F/C | C23: MAEUIK0220276 | D23: MRSU2805377 | E23: C40HC | F23: 277DT260824726628 | G23: 46310 | H23: 0.27083333 | I23: 46302 | J23: 0 | K23: 46285 | L23: 373-STO-S10000031571 | M23: 400 | N23: 258DTS10000200778 | O23: 350 | P23: 0 | Q23: 46258 | R23: 726 | S23: STO | T23: 7208 | U23: 8.71888 | V23: 9.364472 | W23: 1703.984 | X23: 46271 | Y23: 46285 | Z23: 0 | AA23: 31825 | AB23: MAERSK A/S | AC23: CN4909050 | AD23: XIN BIN ZHOU | AE23: 635N | AF23: CN | AG23: PRT | AH23: CNSHA
A24: HF | B24: 0 | C24: MAEUIK0222039 | D24: MRKU4820043 | E24: C40HC | F24: 258DT260904726357 | G24: 46309 | H24: 0.27083333 | I24: 46302 | J24: 0 | K24: 46300 | L24: 373-STO-S10000031533 | M24: 400 | N24: 258DTS10000202591 | O24: 350 | P24: 0 | Q24: 46269 | R24: 726 | S24: STO | T24: 7443 | U24: 51.132604 | V24: 54.87575878 | W24: 5875.985 | X24: 46299 | Y24: 46300 | Z24: 0 | AA24: 31825 | AB24: MAERSK A/S | AC24: CN8163314 | AD24: GSL ELEFTHERIA | AE24: 637N | AF24: CN | AG24: PRT | AH24: CNSHA
A25: HF | B25: 0 | C25: MAEUIK0222039 | D25: MRKU4820043 | E25: C40HC | F25: 277DT260904726358 | G25: 46309 | H25: 0.27083333 | I25: 46302 | J25: 0 | K25: 46300 | L25: 373-STO-S10000031533 | M25: 400 | N25: 258DTS10000202591 | O25: 350 | P25: 0 | Q25: 46269 | R25: 726 | S25: STO | T25: 247 | U25: 4.413674 | V25: 4.713329 | W25: 892.138 | X25: 46299 | Y25: 46300 | Z25: 0 | AA25: 31825 | AB25: MAERSK A/S | AC25: CN8163314 | AD25: GSL ELEFTHERIA | AE25: 637N | AF25: CN | AG25: PRT | AH25: CNSHA
A26: DD | B26: MILK RUN NOR | C26: MAEUIK0220495 | D26: MIEU4025274 | E26: C40HC | F26: 22715SUPECIS74601 | G26: 46309 | H26: 0.35416667 | I26: 46302 | J26: 0 | K26: 46300 | L26: 373-STO-S10000031511 | M26: 400 | N26: 037TSOS10000689650 | O26: 350 | P26: JIZHU80 | Q26: 46259 | R26: 726 | S26: STO | T26: 250 | U26: 13.652022 | V26: 14.587563 | W26: 5544.26 | X26: 46299 | Y26: 46300 | Z26: 0 | AA26: 31825 | AB26: MAERSK A/S | AC26: CN8118384 | AD26: GSL ELEFTHERIA | AE26: 637N | AF26: CN | AG26: PRT | AH26: CNSHA
A27: LF | B27: F/C | C27: MAEUIK0219223 | D27: MRSU0374959 | E27: C20DV | F27: 294DT260817726679 | G27: 46308 | H27: 0.27083333 | I27: 46297 | J27: 0 | K27: 46275 | L27: 373-STO-S10000031532 | M27: 400 | N27: 258DTS10000199632 | O27: 350 | P27: LARXU | Q27: 46251 | R27: 726 | S27: STO | T27: 10984 | U27: 7.940101 | V27: 8.60600785 | W27: 2156.211 | X27: 46268 | Y27: 46266 | Z27: 0 | AA27: 31825 | AB27: MAERSK A/S | AC27: CN9769825 | AD27: MERATUS JIMBARAN | AE27: 634N | AF27: CN | AG27: PRT | AH27: CNSHA
A28: LF | B28: F/C | C28: MAEUIK0219223 | D28: MRSU0374959 | E28: C20DV | F28: 319DT260817726680 | G28: 46308 | H28: 0.27083333 | I28: 46297 | J28: 0 | K28: 46275 | L28: 373-STO-S10000031532 | M28: 400 | N28: 258DTS10000199632 | O28: 350 | P28: LARXU | Q28: 46251 | R28: 726 | S28: STO | T28: 10401 | U28: 13.3342 | V28: 14.41738818 | W28: 2848.716 | X28: 46268 | Y28: 46266 | Z28: 0 | AA28: 31825 | AB28: MAERSK A/S | AC28: CN9769825 | AD28: MERATUS JIMBARAN | AE28: 634N | AF28: CN | AG28: PRT | AH28: CNSHA
A29: DD | B29: MILK RUN NOR | C29: MAEUIK0218541 | D29: MRSU8891731 | E29: C40HC | F29: 19369SUPVAN00068365 | G29: 46307 | H29: 0.35416667 | I29: 46301 | J29: 0 | K29: 46298 | L29: 373-STO-S10000031503 | M29: 400 | N29: 037TSOS10000679195 | O29: 350 | P29: ANLIU52 | Q29: 46246 | R29: 726 | S29: STO | T29: 130 | U29: 10.64271 | V29: 12.409665 | W29: 1146.74 | X29: 46293 | Y29: 46298 | Z29: 0 | AA29: 31825 | AB29: MAERSK A/S | AC29: CN6565368 | AD29: DUMMY BARGE | AE29: 1234 | AF29: CN | AG29: PRT | AH29: CNZPU
A30: HF | B30: 0 | C30: MAEUIK0221074 | D30: MIEU4007795 | E30: C40HC | F30: 258DT260828726987 | G30: 46307 | H30: 0.27083333 | I30: 46301 | J30: 0 | K30: 46300 | L30: 373-STO-S10000031531 | M30: 400 | N30: 258DTS10000201496 | O30: 350 | P30: 0 | Q30: 46262 | R30: 726 | S30: STO | T30: 6106 | U30: 50.572844 | V30: 54.43206636 | W30: 10984.606 | X30: 46288 | Y30: 46300 | Z30: 0 | AA30: 31825 | AB30: MAERSK A/S | AC30: CN7995161 | AD30: GSL ELEFTHERIA | AE30: 637N | AF30: CN | AG30: PRT | AH30: CNSHA
A31: HF | B31: 0 | C31: MAEUIK0221074 | D31: MIEU4007795 | E31: C40HC | F31: 277DT260828726988 | G31: 46307 | H31: 0.27083333 | I31: 46301 | J31: 0 | K31: 46300 | L31: 373-STO-S10000031531 | M31: 400 | N31: 258DTS10000201496 | O31: 350 | P31: 0 | Q31: 46262 | R31: 726 | S31: STO | T31: 2022 | U31: 5.032128 | V31: 5.433269 | W31: 747.58 | X31: 46288 | Y31: 46300 | Z31: 0 | AA31: 31825 | AB31: MAERSK A/S | AC31: CN7995161 | AD31: GSL ELEFTHERIA | AE31: 637N | AF31: CN | AG31: PRT | AH31: CNSHA
A32: DD | B32: MILK RUN NOR | C32: MAEUIK0220583 | D32: MRSU6552180 | E32: C40HC | F32: 21072SUPECIS75715 | G32: 46306 | H32: 0.35416667 | I32: 46301 | J32: 0 | K32: 46298 | L32: 373-STO-S10000031497 | M32: 400 | N32: 037TSOS10000690205 | O32: 300 | P32: LINLI65 | Q32: 46259 | R32: 726 | S32: STO | T32: 115 | U32: 5.441181 | V32: 5.792897 | W32: 2319.18 | X32: 46286 | Y32: 46298 | Z32: 0 | AA32: 31825 | AB32: MAERSK A/S | AC32: CN6555120 | AD32: MUNDRA EXPRESS | AE32: 637E | AF32: CN | AG32: PRT | AH32: CNNGB
A33: DD | C33: MAEUIK0221100 | D33: UETU2059170 | E33: C20DV | F33: 17596SUPECIS42925 | G33: 46306 | H33: 0.26041667 | I33: 46297 | J33: 0 | K33: 46297 | L33: 373-STO-S10000031466 | M33: 400 | N33: 041TSOS10000278373 | O33: 350 | P33: ELZHE | Q33: 46262 | R33: 726 | S33: STO | T33: 3076 | U33: 25.362248 | V33: 26.974425 | W33: 1470.41 | X33: 46290 | Y33: 46297 | Z33: 0 | AA33: 31825 | AB33: MAERSK A/S | AC33: ID1208780 | AD33: SKY PEACE | AE33: 635N | AF33: ID | AG33: PRT | AH33: IDJKT
A34: DD | B34: MILK RUN NOR | C34: OOLU2173640490 | D34: CSNU7283900 | E34: C40HC | F34: 23273SUP3644956 | G34: 46306 | H34: 0.35416667 | I34: 46301 | J34: 0 | K34: 46300 | L34: 373-STO-S10000031498 | M34: 400 | N34: 030TSOS10000134256 | O34: 350 | P34: JEGAO9 | Q34: 46261 | R34: 726 | S34: STO | T34: 12 | U34: 2.030178 | V34: 2.119852 | W34: 279.606 | X34: 46276 | Y34: 46299 | Z34: 0 | AA34: 30105 | AB34: ORIENT OVERSEAS CONTAINER LINE LTD. | AC34: OOLLGT8733 | AD34: OOCL MALAYSIA | AE34: 073W | AF34: CN | AG34: PRT | AH34: CNTXG
A35: DD | B35: MILK RUN NOR | C35: HLCUTS12609CESE3 | D35: HAMU4368269 | E35: C40HC | F35: 23273SUP3647962 | G35: 46305 | H35: 0.35416667 | I35: 46302 | J35: 0 | K35: 46300 | L35: 373-STO-S10000031492 | M35: 400 | N35: 030TSOS10000136019 | O35: 400 | P35: JEGAO9 | Q35: 46274 | R35: 726 | S35: STO | T35: 42 | U35: 4.092924 | V35: 4.302985 | W35: 444.33 | X35: 46313 | Y35: 46301 | Z35: 46292 | AA35: 31363 | AB35: HAPAG LLOYD AG | AC35: HLK7232702 | AD35: MAERSK CAMDEN | AE35: 639E | AF35: CN | AG35: PRT | AH35: CNTXG
A36: DD | B36: MILK RUN NOR | C36: OOLU2173978340 | D36: OOLU9923069 | E36: C40HC | F36: 23273SUP3646704 | G36: 46305 | H36: 0.35416667 | I36: 46301 | J36: 0 | K36: 46300 | L36: 373-STO-S10000031493 | M36: 400 | N36: 030TSOS10000135318 | O36: 350 | P36: JEGAO9 | Q36: 46269 | R36: 726 | S36: STO | T36: 12 | U36: 2.13408 | V36: 2.227652 | W36: 217.98 | X36: 46301 | Y36: 46299 | Z36: 0 | AA36: 30105 | AB36: ORIENT OVERSEAS CONTAINER LINE LTD. | AC36: OOLLGT8613 | AD36: OOCL MALAYSIA | AE36: 073W | AF36: CN | AG36: PRT | AH36: CNTXG
A37: DD | C37: MAEUIK0219274 | D37: MRKU9138463 | E37: C20DV | F37: 17596SUPECIS42821 | G37: 46305 | H37: 0.26041667 | I37: 46297 | J37: 0 | K37: 46297 | L37: 373-STO-S10000031465 | M37: 400 | N37: 041TSOS10000275113 | O37: 300 | P37: 0 | Q37: 46251 | R37: 726 | S37: STO | T37: 10276 | U37: 25.274728 | V37: 26.85891 | W37: 1417.92 | X37: 46290 | Y37: 46297 | Z37: 0 | AA37: 31825 | AB37: MAERSK A/S | AC37: ID1204857 | AD37: SKY PEACE | AE37: 635N | AF37: ID | AG37: PRT | AH37: IDJKT
A38: DD | B38: MILK RUN NOR | C38: MAEUIK0221175 | D38: MRSU9544784 | E38: C40HC | F38: 21072SUPECIS75824 | G38: 46304 | H38: 0.35416667 | I38: 46301 | J38: 0 | K38: 46298 | L38: 373-STO-S10000031446 | M38: 400 | N38: 037TSOS10000692821 | O38: 300 | P38: LINLI65 | Q38: 46262 | R38: 726 | S38: STO | T38: 282 | U38: 7.554486 | V38: 8.050364 | W38: 3097.99 | X38: 46286 | Y38: 46298 | Z38: 0 | AA38: 31825 | AB38: MAERSK A/S | AC38: CN6570450 | AD38: MUNDRA EXPRESS | AE38: 637E | AF38: CN | AG38: PRT | AH38: CNNGB
A39: HF | B39: F/C | C39: MAEUIK0219823 | D39: TCKU7855708 | E39: C40HC | F39: 258DT260820726495 | G39: 46304 | H39: 0.26041667 | I39: 46296 | J39: 0 | K39: 46275 | L39: 373-STO-S10000031430 | M39: 400 | N39: 258DTS10000200289 | O39: 350 | P39: 0 | Q39: 46254 | R39: 726 | S39: STO | T39: 8563 | U39: 21.731729 | V39: 23.46848301 | W39: 3714.406 | X39: 46268 | Y39: 46266 | Z39: 0 | AA39: 31825 | AB39: MAERSK A/S | AC39: CN7971754 | AD39: MERATUS JIMBARAN | AE39: 634N | AF39: CN | AG39: PRT | AH39: CNSHA
A40: HF | B40: F/C | C40: MAEUIK0219823 | D40: TCKU7855708 | E40: C40HC | F40: 277DT260820726496 | G40: 46304 | H40: 0.26041667 | I40: 46296 | J40: 0 | K40: 46275 | L40: 373-STO-S10000031430 | M40: 400 | N40: 258DTS10000200289 | O40: 350 | P40: 0 | Q40: 46254 | R40: 726 | S40: STO | T40: 29965 | U40: 33.504735 | V40: 36.258891 | W40: 9167.487 | X40: 46268 | Y40: 46266 | Z40: 0 | AA40: 31825 | AB40: MAERSK A/S | AC40: CN7971754 | AD40: MERATUS JIMBARAN | AE40: 634N | AF40: CN | AG40: PRT | AH40: CNSHA
A41: LF | B41: F/C PLANT | C41: MAEUIK0217106 | D41: MRSU1278991 | E41: C20DV | F41: 294DT260803726022 | G41: 46303 | H41: 0.27083333 | I41: 46296 | J41: 0 | K41: 46275 | L41: 373-STO-S10000031429 | M41: 400 | N41: 258DTS10000197548 | O41: 350 | P41: LARXU | Q41: 46237 | R41: 726 | S41: STO | T41: 14862 | U41: 11.530792 | V41: 12.46323696 | W41: 2896.429 | X41: 46268 | Y41: 46266 | Z41: 0 | AA41: 31825 | AB41: MAERSK A/S | AC41: CN7969022 | AD41: MERATUS JIMBARAN | AE41: 634N | AF41: CN | AG41: PRT | AH41: CNSHA
A42: LF | B42: F/C PLANT | C42: MAEUIK0217106 | D42: MRSU1278991 | E42: C20DV | F42: 319DT260803726023 | G42: 46303 | H42: 0.27083333 | I42: 46296 | J42: 0 | K42: 46275 | L42: 373-STO-S10000031429 | M42: 400 | N42: 258DTS10000197548 | O42: 350 | P42: LARXU | Q42: 46237 | R42: 726 | S42: STO | T42: 6739 | U42: 9.354069 | V42: 10.10751533 | W42: 1698.53 | X42: 46268 | Y42: 46266 | Z42: 0 | AA42: 31825 | AB42: MAERSK A/S | AC42: CN7969022 | AD42: MERATUS JIMBARAN | AE42: 634N | AF42: CN | AG42: PRT | AH42: CNSHA
A43: LF | B43: F/C PLANT | C43: MAEUIK0217106 | D43: MRSU1278991 | E43: C20DV | F43: 319DT260803726025 | G43: 46303 | H43: 0.27083333 | I43: 46296 | J43: 0 | K43: 46275 | L43: 373-STO-S10000031429 | M43: 400 | N43: 258DTS10000197548 | O43: 350 | P43: LARXU | Q43: 46237 | R43: 726 | S43: STO | T43: 226 | U43: 0.378726 | V43: 0.41460268 | W43: 14.952 | X43: 46268 | Y43: 46266 | Z43: 0 | AA43: 31825 | AB43: MAERSK A/S | AC43: CN7969022 | AD43: MERATUS JIMBARAN | AE43: 634N | AF43: CN | AG43: PRT | AH43: CNSHA
A44: LF | B44: F/C | C44: MAEUIK0217716 | D44: GCXU2525290 | E44: C20DV | F44: 294DT260806726469 | G44: 46302 | H44: 0.27083333 | I44: 46296 | J44: 0 | K44: 46275 | L44: 373-STO-S10000031428 | M44: 400 | N44: 258DTS10000198131 | O44: 350 | P44: LARXU | Q44: 46240 | R44: 726 | S44: STO | T44: 9637 | U44: 9.548765 | V44: 10.35479581 | W44: 2213.273 | X44: 46268 | Y44: 46266 | Z44: 0 | AA44: 31825 | AB44: MAERSK A/S | AC44: CN8037308 | AD44: MERATUS JIMBARAN | AE44: 634N | AF44: CN | AG44: PRT | AH44: CNSHA
A45: LF | B45: F/C | C45: MAEUIK0217716 | D45: GCXU2525290 | E45: C20DV | F45: 319DT260806726470 | G45: 46302 | H45: 0.27083333 | I45: 46296 | J45: 0 | K45: 46275 | L45: 373-STO-S10000031428 | M45: 400 | N45: 258DTS10000198131 | O45: 350 | P45: LARXU | Q45: 46240 | R45: 726 | S45: STO | T45: 9242 | U45: 11.600902 | V45: 12.62153741 | W45: 2936.182 | X45: 46268 | Y45: 46266 | Z45: 0 | AA45: 31825 | AB45: MAERSK A/S | AC45: CN8037308 | AD45: MERATUS JIMBARAN | AE45: 634N | AF45: CN | AG45: PRT | AH45: CNSHA
A46: DD | B46: MILK RUN NOR | C46: MAEUIK0219927 | D46: MIEU3578320 | E46: C40HC | F46: 21072SUPECIS75584 | G46: 46301 | H46: 0.22916667 | I46: 46294 | J46: 0 | K46: 46294 | L46: 373-STO-S10000031399 | M46: 400 | N46: 037TSOS10000686487 | O46: 300 | P46: LINLI65 | Q46: 46254 | R46: 726 | S46: STO | T46: 311 | U46: 11.877999 | V46: 12.631727 | W46: 4675.36 | X46: 46279 | Y46: 46294 | Z46: 0 | AA46: 31825 | AB46: MAERSK A/S | AC46: CN6559043 | AD46: SEASPAN YANGTZE | AE46: 636E | AF46: CN | AG46: PRT | AH46: CNNGB
A47: DD | B47: MILK RUN NOR | C47: MAEUIK0217531 | D47: MRKU5077884 | E47: C40HC | F47: 19369SUPVAN00068163 | G47: 46300 | H47: 0.35416667 | I47: 46294 | J47: 0 | K47: 46294 | L47: 373-STO-S10000031396 | M47: 400 | N47: 037TSOS10000674260 | O47: 400 | P47: ANLIU52 | Q47: 46239 | R47: 726 | S47: STO | T47: 55 | U47: 5.337426 | V47: 5.991607 | W47: 457.05 | X47: 46286 | Y47: 46294 | Z47: 46257 | AA47: 31825 | AB47: MAERSK A/S | AC47: CN6300269 | AD47: NING YUAN TOU MEN | AE47: 069S | AF47: CN | AG47: PRT | AH47: CNZPU
A48: DD | B48: MILK RUN NOR | C48: PLISH7H46431 | D48: PKEU2505537 | E48: C40HC | F48: 21985SUPECIS42518 | G48: 46299 | H48: 0.35416667 | I48: 46294 | J48: 0 | K48: 46293 | L48: 373-STO-S10000031367 | M48: 440 | N48: 037TSOS10000686932 | O48: 400 | P48: JUWAN78 | Q48: 46255 | R48: 726 | S48: STO | T48: 106 | U48: 3.058804 | V48: 3.359778 | W48: 649 | X48: 46317 | Y48: 46291 | Z48: 46279 | AA48: 33300 | AB48: LX PANTOS CO., LTD. | AC48: 25H0417055 | AD48: HMM NURI | AE48: 0021E | AF48: CN | AG48: PRT | AH48: CNYAN
A49: DD | B49: MILK RUN NOR | C49: PLISH7H46431 | D49: PKEU2505537 | E49: C40HC | F49: 21985SUPECIS42610 | G49: 46299 | H49: 0.35416667 | I49: 46294 | J49: 0 | K49: 46293 | L49: 373-STO-S10000031367 | M49: 440 | N49: 037TSOS10000686932 | O49: 400 | P49: JUWAN78 | Q49: 46255 | R49: 726 | S49: STO | T49: 28 | U49: 0.752528 | V49: 0.795454 | W49: 115.6 | X49: 46303 | Y49: 46291 | Z49: 46279 | AA49: 33300 | AB49: LX PANTOS CO., LTD. | AC49: 25H0417055 | AD49: HMM NURI | AE49: 0021E | AF49: CN | AG49: PRT | AH49: CNYAN
A50: DD | B50: MILK RUN NOR | C50: PLISH7H46431 | D50: PKEU2505537 | E50: C40HC | F50: 22075SUP2600117510 | G50: 46299 | H50: 0.35416667 | I50: 46294 | J50: 0 | K50: 46293 | L50: 373-STO-S10000031367 | M50: 440 | N50: 037TSOS10000686932 | O50: 400 | P50: JUWAN78 | Q50: 46255 | R50: 726 | S50: STO | T50: 110 | U50: 8.95575 | V50: 9.58865 | W50: 2671.414 | X50: 46303 | Y50: 46291 | Z50: 46279 | AA50: 33300 | AB50: LX PANTOS CO., LTD. | AC50: 25H0417055 | AD50: HMM NURI | AE50: 0021E | AF50: CN | AG50: PRT | AH50: CNYAN
A51: DD | B51: MILK RUN NOR | C51: PLISH7H46431 | D51: PKEU2505537 | E51: C40HC | F51: 22075SUP2600117628 | G51: 46299 | H51: 0.35416667 | I51: 46294 | J51: 0 | K51: 46293 | L51: 373-STO-S10000031367 | M51: 440 | N51: 037TSOS10000686932 | O51: 400 | P51: JUWAN78 | Q51: 46255 | R51: 726 | S51: STO | T51: 44 | U51: 4.103532 | V51: 4.394079 | W51: 1131.482 | X51: 46303 | Y51: 46291 | Z51: 46279 | AA51: 33300 | AB51: LX PANTOS CO., LTD. | AC51: 25H0417055 | AD51: HMM NURI | AE51: 0021E | AF51: CN | AG51: PRT | AH51: CNYAN
A52: DD | B52: MILK RUN NOR | C52: PLISH7H46431 | D52: PKEU2505537 | E52: C40HC | F52: 22075SUP2600117951 | G52: 46299 | H52: 0.35416667 | I52: 46294 | J52: 0 | K52: 46293 | L52: 373-STO-S10000031367 | M52: 440 | N52: 037TSOS10000686932 | O52: 400 | P52: JUWAN78 | Q52: 46255 | R52: 726 | S52: STO | T52: 54 | U52: 4.543746 | V52: 4.876912 | W52: 1280.112 | X52: 46303 | Y52: 46291 | Z52: 46279 | AA52: 33300 | AB52: LX PANTOS CO., LTD. | AC52: 25H0417055 | AD52: HMM NURI | AE52: 0021E | AF52: CN | AG52: PRT | AH52: CNYAN
... A57: DD | B57: MILK RUN NOR | C57: PLISH7H47909 | D57: SKHU6613322 | E57: C40HC | F57: 22075SUP2600118559 | G57: 46298 | H57: 0.35416667 | I57: 46294 | J57: 0 | K57: 46293 | L57: 373-STO-S10000031366 | M57: 420 | N57: 037TSOS10000699980 | O57: 300 | P57: JUWAN78 | Q57: 46273 | R57: 726 | S57: STO | T57: 94 | U57: 6.938862 | V57: 7.429361 | W57: 2025.29 | X57: 46311 | Y57: 46289 | Z57: 0 | AA57: 33300 | AB57: LX PANTOS CO., LTD. | AC57: HAL04594 | AD57: LAEM CHABANG VOYAGER | AE57: 2606N | AF57: CN | AG57: PRT | AH57: CNSHA
A58: DD | C58: MAEUIK0220627 | D58: MRSU9465052 | E58: C40HC | F58: 19720SUPECIS213589 | G58: 46298 | H58: 0.26041667 | I58: 46293 | J58: 0 | K58: 46289 | L58: 373-STO-S10000031359 | M58: 400 | N58: 012TSOS10000399542 | O58: 350 | P58: 0 | Q58: 46260 | R58: 726 | S58: STO | T58: 18448 | U58: 58.121408 | V58: 62.493032 | W58: 7398.84 | X58: 46283 | Y58: 46289 | Z58: 0 | AA58: 31825 | AB58: MAERSK A/S | AC58: CN8674947 | AD58: MAERSK BERMUDA | AE58: 636N | AF58: CN | AG58: PRT | AH58: CNNSA
A59: DD | B59: MILK RUN NOR | C59: PLISH7H47909 | D59: SKHU6613322 | E59: C40HC | F59: 22121SUPUE068159 | G59: 46298 | H59: 0.35416667 | I59: 46294 | J59: 0 | K59: 46293 | L59: 373-STO-S10000031366 | M59: 420 | N59: 037TSOS10000699980 | O59: 300 | P59: JUWAN78 | Q59: 46273 | R59: 726 | S59: STO | T59: 86 | U59: 13.653748 | V59: 14.871159 | W59: 1124.85 | X59: 46311 | Y59: 46289 | Z59: 0 | AA59: 33300 | AB59: LX PANTOS CO., LTD. | AC59: HAL04594 | AD59: LAEM CHABANG VOYAGER | AE59: 2606N | AF59: CN | AG59: PRT | AH59: CNSHA
A60: DD | B60: MILK RUN NOR | C60: PLISH7H47909 | D60: SKHU6613322 | E60: C40HC | F60: 22121SUPUE068160 | G60: 46298 | H60: 0.35416667 | I60: 46294 | J60: 0 | K60: 46293 | L60: 373-STO-S10000031366 | M60: 420 | N60: 037TSOS10000699980 | O60: 300 | P60: JUWAN78 | Q60: 46273 | R60: 726 | S60: STO | T60: 16 | U60: 2.858864 | V60: 3.095531 | W60: 280.17 | X60: 46311 | Y60: 46289 | Z60: 0 | AA60: 33300 | AB60: LX PANTOS CO., LTD. | AC60: HAL04594 | AD60: LAEM CHABANG VOYAGER | AE60: 2606N | AF60: CN | AG60: PRT | AH60: CNSHA
A61: DD | B61: MILK RUN NOR | C61: MAEUIK0221909 | D61: MIEU4017725 | E61: C40HC | F61: 22715SUPECIS74597 | G61: 46297 | H61: 0.35416667 | I61: 46293 | J61: 0 | K61: 46291 | L61: 373-STO-S10000031348 | M61: 400 | N61: 037TSOS10000697376 | O61: 350 | P61: SEZHA1 | Q61: 46268 | R61: 726 | S61: STO | T61: 134 | U61: 17.536918 | V61: 18.716401 | W61: 7303.14 | X61: 46280 | Y61: 46291 | Z61: 0 | AA61: 31825 | AB61: MAERSK A/S | AC61: CN7970775 | AD61: ERASMUS ICON | AE61: 638W | AF61: CN | AG61: PRT | AH61: CNSHA
A62: HF | B62: 0 | C62: MAEUIK0220867 | D62: MIEU3882117 | E62: C40HC | F62: 258DT260827726854 | G62: 46297 | H62: 0.27083333 | I62: 46288 | J62: 0 | K62: 46285 | L62: 373-STO-S10000031331 | M62: 400 | N62: 258DTS10000201351 | O62: 350 | P62: 0 | Q62: 46261 | R62: 726 | S62: STO | T62: 7511 | U62: 51.799106 | V62: 55.5815554 | W62: 9919.036 | X62: 46278 | Y62: 46285 | Z62: 0 | AA62: 31825 | AB62: MAERSK A/S | AC62: CN8041072 | AD62: XIN BIN ZHOU | AE62: 635N | AF62: CN | AG62: PRT | AH62: CNSHA
A63: HF | B63: 0 | C63: MAEUIK0220867 | D63: MIEU3882117 | E63: C40HC | F63: 277DT260827726855 | G63: 46297 | H63: 0.27083333 | I63: 46288 | J63: 0 | K63: 46285 | L63: 373-STO-S10000031331 | M63: 400 | N63: 258DTS10000201351 | O63: 350 | P63: 0 | Q63: 46261 | R63: 726 | S63: STO | T63: 433 | U63: 3.520036 | V63: 3.78476467 | W63: 595.2 | X63: 46278 | Y63: 46285 | Z63: 0 | AA63: 31825 | AB63: MAERSK A/S | AC63: CN8041072 | AD63: XIN BIN ZHOU | AE63: 635N | AF63: CN | AG63: PRT | AH63: CNSHA
A64: LF | B64: 0 | C64: MAEUIK0219759 | D64: MIEU3971370 | E64: C40HC | F64: 294DT260819726024 | G64: 46296 | H64: 0.27083333 | I64: 46288 | J64: 0 | K64: 46285 | L64: 373-STO-S10000031332 | M64: 400 | N64: 258DTS10000200200 | O64: 350 | P64: 0 | Q64: 46253 | R64: 726 | S64: STO | T64: 8249 | U64: 11.251925 | V64: 12.10210754 | W64: 2068.036 | X64: 46278 | Y64: 46276 | Z64: 0 | AA64: 31825 | AB64: MAERSK A/S | AC64: CN8003063 | AD64: XIN BIN ZHOU | AE64: 635N | AF64: CN | AG64: PRT | AH64: CNSHA
A65: LF | B65: 0 | C65: MAEUIK0219759 | D65: MIEU3971370 | E65: C40HC | F65: 319DT260819726026 | G65: 46296 | H65: 0.27083333 | I65: 46288 | J65: 0 | K65: 46285 | L65: 373-STO-S10000031332 | M65: 400 | N65: 258DTS10000200200 | O65: 350 | P65: 0 | Q65: 46253 | R65: 726 | S65: STO | T65: 13471 | U65: 37.123434 | V65: 40.03551122 | W65: 7358.324 | X65: 46278 | Y65: 46276 | Z65: 0 | AA65: 31825 | AB65: MAERSK A/S | AC65: CN8003063 | AD65: XIN BIN ZHOU | AE65: 635N | AF65: CN | AG65: PRT | AH65: CNSHA
A66: DD | B66: MILK RUN NOR | C66: MAEUIK0218853 | D66: MRKU6188033 | E66: C40HC | F66: 21072SUPECIS75360 | G66: 46295 | H66: 0.35416667 | I66: 46287 | J66: 0 | K66: 46286 | L66: 373-STO-S10000031292 | M66: 400 | N66: 037TSOS10000680809 | O66: 350 | P66: JOHUA31 | Q66: 46247 | R66: 726 | S66: STO | T66: 44 | U66: 1.98246 | V66: 2.113797 | W66: 961.78 | X66: 46272 | Y66: 46270 | Z66: 0 | AA66: 31825 | AB66: MAERSK A/S | AC66: CN9150822 | AD66: COCHRANE | AE66: 635E | AF66: CN | AG66: PRT | AH66: CNNGB
A67: HF | B67: 0 | C67: MAEUIK0220275 | D67: MIEU3004750 | E67: C40HC | F67: 258DT260824726624 | G67: 46295 | H67: 0.27083333 | I67: 46287 | J67: 0 | K67: 46285 | L67: 373-STO-S10000031316 | M67: 400 | N67: 258DTS10000200776 | O67: 350 | P67: 0 | Q67: 46258 | R67: 726 | S67: STO | T67: 12555 | U67: 50.52465 | V67: 54.56145729 | W67: 8846.605 | X67: 46278 | Y67: 46276 | Z67: 0 | AA67: 31825 | AB67: MAERSK A/S | AC67: CN8041361 | AD67: XIN BIN ZHOU | AE67: 635N | AF67: CN | AG67: PRT | AH67: CNSHA
A68: HF | B68: 0 | C68: MAEUIK0220275 | D68: MIEU3004750 | E68: C40HC | F68: 277DT260824726625 | G68: 46295 | H68: 0.27083333 | I68: 46287 | J68: 0 | K68: 46285 | L68: 373-STO-S10000031316 | M68: 400 | N68: 258DTS10000200776 | O68: 350 | P68: 0 | Q68: 46258 | R68: 726 | S68: STO | T68: 2276 | U68: 3.9398 | V68: 4.22062533 | W68: 652.576 | X68: 46278 | Y68: 46276 | Z68: 0 | AA68: 31825 | AB68: MAERSK A/S | AC68: CN8041361 | AD68: XIN BIN ZHOU | AE68: 635N | AF68: CN | AG68: PRT | AH68: CNSHA
A69: DD | B69: MILK RUN NOR | C69: MAEUIK0218546 | D69: MRKU3842201 | E69: C40HC | F69: 21072SUPECIS75308 | G69: 46294 | H69: 0.35416667 | I69: 46287 | J69: 0 | K69: 46286 | L69: 373-STO-S10000031288 | M69: 400 | N69: 037TSOS10000679463 | O69: 350 | P69: LINLI65 | Q69: 46246 | R69: 726 | S69: STO | T69: 129 | U69: 5.703841 | V69: 6.082756 | W69: 2576.95 | X69: 46272 | Y69: 46270 | Z69: 0 | AA69: 31825 | AB69: MAERSK A/S | AC69: CN9148117 | AD69: COCHRANE | AE69: 635E | AF69: CN | AG69: PRT | AH69: CNNGB
A70: DD | B70: MILK RUN NOR | C70: MAEUIK0219167 | D70: MRKU2247652 | E70: C40HC | F70: 21072SUPECIS75442 | G70: 46294 | H70: 0.35416667 | I70: 46287 | J70: 0 | K70: 46286 | L70: 373-STO-S10000031289 | M70: 400 | N70: 037TSOS10000682164 | O70: 350 | P70: LINLI65 | Q70: 46250 | R70: 726 | S70: STO | T70: 162 | U70: 9.446886 | V70: 10.050411 | W70: 3882.55 | X70: 46272 | Y70: 46270 | Z70: 0 | AA70: 31825 | AB70: MAERSK A/S | AC70: CN9057966 | AD70: COCHRANE | AE70: 635E | AF70: CN | AG70: PRT | AH70: CNNGB
A71: LF | B71: 0 | C71: MAEUIK0220243 | D71: MRKU2715244 | E71: C40HC | F71: 294DT260824726387 | G71: 46294 | H71: 0.27083333 | I71: 46288 | J71: 0 | K71: 46285 | L71: 373-STO-S10000031315 | M71: 400 | N71: 258DTS10000200714 | O71: 350 | P71: LARXU | Q71: 46258 | R71: 726 | S71: STO | T71: 5919 | U71: 8.376329 | V71: 9.02188479 | W71: 1368.009 | X71: 46271 | Y71: 46269 | Z71: 0 | AA71: 31825 | AB71: MAERSK A/S | AC71: CN4421593 | AD71: XIN BIN ZHOU | AE71: 635N | AF71: CN | AG71: PRT | AH71: CNSHA
A72: LF | B72: 0 | C72: MAEUIK0220243 | D72: MRKU2715244 | E72: C40HC | F72: 319DT260824726388 | G72: 46294 | H72: 0.27083333 | I72: 46288 | J72: 0 | K72: 46285 | L72: 373-STO-S10000031315 | M72: 400 | N72: 258DTS10000200714 | O72: 350 | P72: LARXU | Q72: 46258 | R72: 726 | S72: STO | T72: 16561 | U72: 39.821279 | V72: 43.02983345 | W72: 7678.979 | X72: 46271 | Y72: 46269 | Z72: 0 | AA72: 31825 | AB72: MAERSK A/S | AC72: CN4421593 | AD72: XIN BIN ZHOU | AE72: 635N | AF72: CN | AG72: PRT | AH72: CNSHA
A73: DD | C73: MAEUIK0216929 | D73: TCKU1227936 | E73: C20DV | F73: 17596SUPECIS42627 | G73: 46293 | H73: 0.27083333 | I73: 46286 | J73: 0 | K73: 46286 | L73: 373-STO-S10000031306 | M73: 400 | N73: 041TSOS10000270516 | O73: 350 | P73: 0 | Q73: 46234 | R73: 726 | S73: STO | T73: 5296 | U73: 25.37796 | V73: 26.990716 | W73: 1399.62 | X73: 46269 | Y73: 46267 | Z73: 0 | AA73: 31825 | AB73: MAERSK A/S | AC73: ID1737614 | AD73: MERATUS JAYAWIJAYA | AE73: 632N | AF73: ID | AG73: PRT | AH73: IDJKT
A74: HF | C74: MAEUIK0218825 | D74: HASU5055609 | E74: C40HC | F74: 258DT260813726995 | G74: 46292 | H74: 0.26041667 | I74: 46286 | J74: 0 | K74: 46286 | L74: 373-STO-S10000031305 | M74: 400 | N74: 258DTS10000199217 | O74: 350 | P74: 0 | Q74: 46247 | R74: 726 | S74: STO | T74: 7077 | U74: 50.019805 | V74: 53.96037415 | W74: 9348.3 | X74: 46262 | Y74: 46260 | Z74: 0 | AA74: 31825 | AB74: MAERSK A/S | AC74: CN7978834 | AD74: AS SIMONE | AE74: 632N | AF74: CN | AG74: PRT | AH74: CNSHA
A75: HF | C75: MAEUIK0218825 | D75: HASU5055609 | E75: C40HC | F75: 277DT260813726996 | G75: 46292 | H75: 0.26041667 | I75: 46286 | J75: 0 | K75: 46286 | L75: 373-STO-S10000031305 | M75: 400 | N75: 258DTS10000199217 | O75: 350 | P75: 0 | Q75: 46247 | R75: 726 | S75: STO | T75: 2223 | U75: 5.215098 | V75: 5.589599 | W75: 757.43 | X75: 46262 | Y75: 46260 | Z75: 0 | AA75: 31825 | AB75: MAERSK A/S | AC75: CN7978834 | AD75: AS SIMONE | AE75: 632N | AF75: CN | AG75: PRT | AH75: CNSHA
A76: HF | C76: HDMUSHAA92415200 | D76: HDMU4920502 | E76: C40HC | F76: 258DT260820726492 | G76: 46291 | H76: 0.26041667 | I76: 46286 | J76: 0 | K76: 46283 | L76: 373-STO-S10000031304 | M76: 400 | N76: 258DTS10000200325 | O76: 350 | P76: JEGAO9 | Q76: 46254 | R76: 726 | S76: STO | T76: 9975 | U76: 50.398155 | V76: 54.23675665 | W76: 9390.239 | X76: 46277 | Y76: 46275 | Z76: 0 | AA76: 31676 | AB76: HMM CO., LTD. | AC76: 26H0386443 | AD76: HMM EMERALD | AE76: 0015E | AF76: CN | AG76: PRT | AH76: CNYAN
A77: HF | C77: HDMUSHAA92415200 | D77: HDMU4920502 | E77: C40HC | F77: 277DT260820726493 | G77: 46291 | H77: 0.26041667 | I77: 46286 | J77: 0 | K77: 46283 | L77: 373-STO-S10000031304 | M77: 400 | N77: 258DTS10000200325 | O77: 350 | P77: JEGAO9 | Q77: 46254 | R77: 726 | S77: STO | T77: 2470 | U77: 4.958796 | V77: 5.31627233 | W77: 862.132 | X77: 46277 | Y77: 46275 | Z77: 0 | AA77: 31676 | AB77: HMM CO., LTD. | AC77: 26H0386443 | AD77: HMM EMERALD | AE77: 0015E | AF77: CN | AG77: PRT | AH77: CNYAN
A78: HF | B78: 0 | C78: MAEUIK0220690 | D78: MRSU2811261 | E78: C40HC | F78: 258DT260826726785 | G78: 46289 | H78: 0.26041667 | I78: 46287 | J78: 0 | K78: 46285 | L78: 373-STO-S10000031270 | M78: 400 | N78: 258DTS10000201120 | O78: 350 | P78: 0 | Q78: 46260 | R78: 726 | S78: STO | T78: 8571 | U78: 51.513104 | V78: 55.43145853 | W78: 10816.329 | X78: 46278 | Y78: 46276 | Z78: 0 | AA78: 31825 | AB78: MAERSK A/S | AC78: CN4909048 | AD78: XIN BIN ZHOU | AE78: 635N | AF78: CN | AG78: PRT | AH78: CNSHA
A79: HF | B79: 0 | C79: MAEUIK0220690 | D79: MRSU2811261 | E79: C40HC | F79: 277DT260826726786 | G79: 46289 | H79: 0.26041667 | I79: 46287 | J79: 0 | K79: 46285 | L79: 373-STO-S10000031270 | M79: 400 | N79: 258DTS10000201120 | O79: 350 | P79: 0 | Q79: 46260 | R79: 726 | S79: STO | T79: 1056 | U79: 3.97058 | V79: 4.260117 | W79: 462.804 | X79: 46278 | Y79: 46276 | Z79: 0 | AA79: 31825 | AB79: MAERSK A/S | AC79: CN4909048 | AD79: XIN BIN ZHOU | AE79: 635N | AF79: CN | AG79: PRT | AH79: CNSHA
A80: DD | C80: MAEUIK0217393 | D80: MSKU5573016 | E80: C20DV | F80: 17596SUPECIS42686 | G80: 46288 | H80: 0.27083333 | I80: 46286 | J80: 0 | K80: 46286 | L80: 373-STO-S10000031237 | M80: 400 | N80: 041TSOS10000271328 | O80: 350 | P80: 0 | Q80: 46238 | R80: 726 | S80: STO | T80: 5800 | U80: 25.320104 | V80: 26.918582 | W80: 1435.12 | X80: 46276 | Y80: 46274 | Z80: 0 | AA80: 31825 | AB80: MAERSK A/S | AC80: ID1208046 | AD80: JULIUS-S. | AE80: 633N | AF80: ID | AG80: PRT | AH80: IDJKT
A81: HF | C81: MAEUIK0218077 | D81: MIEU3918816 | E81: C40HC | F81: 258DT260810726693 | G81: 46288 | H81: 0.375 | I81: 46286 | J81: 0 | K81: 46286 | L81: 373-STO-S10000031267 | M81: 400 | N81: 258DTS10000198535 | O81: 350 | P81: JEGAO9 | Q81: 46244 | R81: 726 | S81: STO | T81: 8958 | U81: 48.140406 | V81: 52.11062281 | W81: 9389.31 | X81: 46263 | Y81: 46261 | Z81: 0 | AA81: 31825 | AB81: MAERSK A/S | AC81: CN7878795 | AD81: AS SIMONE | AE81: 632N | AF81: CN | AG81: PRT | AH81: CNSHA
A82: HF | C82: MAEUIK0218077 | D82: MIEU3918816 | E82: C40HC | F82: 277DT260810726694 | G82: 46288 | H82: 0.375 | I82: 46286 | J82: 0 | K82: 46286 | L82: 373-STO-S10000031267 | M82: 400 | N82: 258DTS10000198535 | O82: 350 | P82: JEGAO9 | Q82: 46244 | R82: 726 | S82: STO | T82: 2649 | U82: 7.108263 | V82: 7.70474842 | W82: 878.017 | X82: 46263 | Y82: 46261 | Z82: 0 | AA82: 31825 | AB82: MAERSK A/S | AC82: CN7878795 | AD82: AS SIMONE | AE82: 632N | AF82: CN | AG82: PRT | AH82: CNSHA
A83: DD | B83: MILK RUN NOR | C83: MAEUIK0218529 | D83: MRKU3058273 | E83: C40HC | F83: 21985SUPECIS42429 | G83: 46288 | H83: 0.41666667 | I83: 46286 | J83: 0 | K83: 46286 | L83: 373-STO-S10000031223 | M83: 420 | N83: 037TSOS10000679232 | O83: 300 | P83: JUWAN78 | Q83: 46246 | R83: 726 | S83: STO | T83: 68 | U83: 0.870816 | V83: 0.96606 | W83: 265 | X83: 46285 | Y83: 46260 | Z83: 0 | AA83: 31825 | AB83: MAERSK A/S | AC83: CN8003325 | AD83: AS SIMONE | AE83: 632N | AF83: CN | AG83: PRT | AH83: CNSHA
A84: DD | B84: MILK RUN NOR | C84: MAEUIK0218529 | D84: MRKU3058273 | E84: C40HC | F84: 22121SUPUE066534 | G84: 46288 | H84: 0.41666667 | I84: 46286 | J84: 0 | K84: 46286 | L84: 373-STO-S10000031223 | M84: 420 | N84: 037TSOS10000679232 | O84: 300 | P84: JUWAN78 | Q84: 46246 | R84: 726 | S84: STO | T84: 30 | U84: 6.12414 | V84: 6.664744 | W84: 460.49 | X84: 46277 | Y84: 46260 | Z84: 0 | AA84: 31825 | AB84: MAERSK A/S | AC84: CN8003325 | AD84: AS SIMONE | AE84: 632N | AF84: CN | AG84: PRT | AH84: CNSHA
A85: DD | B85: MILK RUN NOR | C85: MAEUIK0218529 | D85: MRKU3058273 | E85: C40HC | F85: 22121SUPUE066842 | G85: 46288 | H85: 0.41666667 | I85: 46286 | J85: 0 | K85: 46286 | L85: 373-STO-S10000031223 | M85: 420 | N85: 037TSOS10000679232 | O85: 300 | P85: JUWAN78 | Q85: 46246 | R85: 726 | S85: STO | T85: 60 | U85: 7.382088 | V85: 8.009823 | W85: 777.69 | X85: 46277 | Y85: 46260 | Z85: 0 | AA85: 31825 | AB85: MAERSK A/S | AC85: CN8003325 | AD85: AS SIMONE | AE85: 632N | AF85: CN | AG85: PRT | AH85: CNSHA
A86: DD | B86: MILK RUN NOR | C86: EGLV003601021369 | D86: EMCU6403994 | E86: C20DV | F86: 22280SUP263272601CP | G86: 46288 | H86: 0.35416667 | I86: 46286 | J86: 0 | K86: 46283 | L86: 373-STO-S10000031222 | M86: 420 | N86: 012TSOS10000393420 | O86: 300 | P86: SHLIU93 | Q86: 46245 | R86: 726 | S86: STO | T86: 1400 | U86: 5.548624 | V86: 5.989842 | W86: 439.49 | X86: 46279 | Y86: 46280 | Z86: 0 | AA86: 31267 | AB86: EVERGREEN LINE | AC86: EMCCTD7575 | AD86: EVER VIVA | AE86: 0297-022N | AF86: TW | AG86: PRT | AH86: TWTXG
A87: DD | B87: MILK RUN NOR | C87: EGLV003601021369 | D87: EMCU6403994 | E87: C20DV | F87: 22280SUP263372601CP | G87: 46288 | H87: 0.35416667 | I87: 46286 | J87: 0 | K87: 46283 | L87: 373-STO-S10000031222 | M87: 420 | N87: 012TSOS10000393420 | O87: 300 | P87: SHLIU93 | Q87: 46245 | R87: 726 | S87: STO | T87: 36 | U87: 0.74088 | V87: 0.804515 | W87: 58.92 | X87: 46279 | Y87: 46280 | Z87: 0 | AA87: 31267 | AB87: EVERGREEN LINE | AC87: EMCCTD7575 | AD87: EVER VIVA | AE87: 0297-022N | AF87: TW | AG87: PRT | AH87: TWTXG
A88: HF | C88: HDMUSHAA74229300 | D88: HDMU4915018 | E88: C40HC | F88: 258DT260819726346 | G88: 46287 | H88: 0.27083333 | I88: 46283 | J88: 0 | K88: 46283 | L88: 373-STO-S10000031191 | M88: 400 | N88: 258DTS10000200053 | O88: 350 | P88: 0 | Q88: 46253 | R88: 726 | S88: STO | T88: 12874 | U88: 54.949135 | V88: 59.01711134 | W88: 10881.763 | X88: 46277 | Y88: 46275 | Z88: 0 | AA88: 31676 | AB88: HMM CO., LTD. | AC88: 26H0159661 | AD88: HMM EMERALD | AE88: 0015E | AF88: CN | AG88: PRT | AH88: CNYAN
A89: HF | C89: HDMUSHAA74229300 | D89: HDMU4915018 | E89: C40HC | F89: 277DT260819726347 | G89: 46287 | H89: 0.27083333 | I89: 46283 | J89: 0 | K89: 46283 | L89: 373-STO-S10000031191 | M89: 400 | N89: 258DTS10000200053 | O89: 350 | P89: 0 | Q89: 46253 | R89: 726 | S89: STO | T89: 24 | U89: 0.801936 | V89: 0.853519 | W89: 276.48 | X89: 46277 | Y89: 46275 | Z89: 0 | AA89: 31676 | AB89: HMM CO., LTD. | AC89: 26H0159661 | AD89: HMM EMERALD | AE89: 0015E | AF89: CN | AG89: PRT | AH89: CNYAN
A90: DD | B90: MILK RUN NOR | C90: PLISH7H45731 | D90: SKHU6551370 | E90: C40HC | F90: 21072SUPECIS75213 | G90: 46286 | H90: 0.35416667 | I90: 46282 | J90: 0 | K90: 46281 | L90: 373-STO-S10000031178 | M90: 400 | N90: 037TSOS10000677475 | O90: 300 | P90: LINLI65 | Q90: 46244 | R90: 726 | S90: STO | T90: 117 | U90: 4.026587 | V90: 4.278408 | W90: 1878.83 | X90: 46284 | Y90: 46282 | Z90: 0 | AA90: 33300 | AB90: LX PANTOS CO., LTD. | AC90: 137376 | AD90: SAWASDEE SIRIUS | AE90: 2624E | AF90: CN | AG90: PRT | AH90: CNNGB
A91: DD | B91: MILK RUN NOR | C91: MAEUIK0218873 | D91: GATU8363151 | E91: C40HC | F91: 19720SUPECIS213086 | G91: 46286 | H91: 0.35416667 | I91: 46280 | J91: 0 | K91: 46280 | L91: 373-STO-S10000031155 | M91: 400 | N91: 012TSOS10000394903 | O91: 350 | P91: HEDXU | Q91: 46247 | R91: 726 | S91: STO | T91: 4505 | U91: 24.532367 | V91: 26.330683 | W91: 3378.81 | X91: 46269 | Y91: 46279 | Z91: 0 | AA91: 31825 | AB91: MAERSK A/S | AC91: CN7167142 | AD91: MONACO | AE91: 636X | AF91: CN | AG91: PRT | AH91: CNNSA
A92: HF | C92: MAEUIK0217736 | D92: MSKU1949888 | E92: C40HC | F92: 258DT260806726522 | G92: 46286 | H92: 0.27083333 | I92: 46279 | J92: 46276 | K92: 46276 | L92: 373-STO-S10000031162 | M92: 400 | N92: 258DTS10000198176 | O92: 350 | P92: 0 | Q92: 46240 | R92: 726 | S92: STO | T92: 6404 | U92: 40.544247 | V92: 43.629357 | W92: 7162.799 | X92: 46255 | Y92: 46253 | Z92: 0 | AA92: 31825 | AB92: MAERSK A/S | AC92: CN7983916 | AD92: AS SOPHIA | AE92: 631N | AF92: CN | AG92: PRT | AH92: CNSHA
A93: HF | C93: MAEUIK0217736 | D93: MSKU1949888 | E93: C40HC | F93: 277DT260806726523 | G93: 46286 | H93: 0.27083333 | I93: 46279 | J93: 46276 | K93: 46276 | L93: 373-STO-S10000031162 | M93: 400 | N93: 258DTS10000198176 | O93: 350 | P93: 0 | Q93: 46240 | R93: 726 | S93: STO | T93: 5365 | U93: 13.686214 | V93: 14.817705 | W93: 1815.688 | X93: 46255 | Y93: 46253 | Z93: 0 | AA93: 31825 | AB93: MAERSK A/S | AC93: CN7983916 | AD93: AS SOPHIA | AE93: 631N | AF93: CN | AG93: PRT | AH93: CNSHA
A94: DD | B94: MILK RUN NOR | C94: MAEUIK0217902 | D94: TLLU6909322 | E94: C40HC | F94: 21072SUPECIS75150 | G94: 46285 | H94: 0.35416667 | I94: 46279 | J94: 0 | K94: 46277 | L94: 373-STO-S10000031137 | M94: 400 | N94: 037TSOS10000676315 | O94: 350 | P94: JOHUA31 | Q94: 46241 | R94: 726 | S94: STO | T94: 296 | U94: 7.358204 | V94: 7.835089 | W94: 3268.71 | X94: 46265 | Y94: 46263 | Z94: 0 | AA94: 31825 | AB94: MAERSK A/S | AC94: CN9064830 | AD94: CORCOVADO | AE94: 634E | AF94: CN | AG94: PRT | AH94: CNNGB
A95: HF | C95: MAEUIK0217373 | D95: MRSU9433857 | E95: C40HC | F95: 258DT260804726412 | G95: 46285 | H95: 0.26041667 | I95: 46279 | J95: 0 | K95: 46276 | L95: 373-STO-S10000031144 | M95: 400 | N95: 258DTS10000197771 | O95: 350 | P95: 0 | Q95: 46238 | R95: 726 | S95: STO | T95: 11059 | U95: 53.877866 | V95: 58.07817 | W95: 9487.885 | X95: 46256 | Y95: 46254 | Z95: 0 | AA95: 31825 | AB95: MAERSK A/S | AC95: CN7937041 | AD95: AS SOPHIA | AE95: 631N | AF95: CN | AG95: PRT | AH95: CNSHA
A96: HF | C96: MAEUIK0217373 | D96: MRSU9433857 | E96: C40HC | F96: 258DT260804726414 | G96: 46285 | H96: 0.26041667 | I96: 46279 | J96: 0 | K96: 46276 | L96: 373-STO-S10000031144 | M96: 400 | N96: 258DTS10000197771 | O96: 350 | P96: 0 | Q96: 46238 | R96: 726 | S96: STO | T96: 78 | U96: 1.15245 | V96: 1.226208 | W96: 263.328 | X96: 46256 | Y96: 46254 | Z96: 0 | AA96: 31825 | AB96: MAERSK A/S | AC96: CN7937041 | AD96: AS SOPHIA | AE96: 631N | AF96: CN | AG96: PRT | AH96: CNSHA
A97: HF | C97: MAEUIK0217373 | D97: MRSU9433857 | E97: C40HC | F97: 277DT260804726415 | G97: 46285 | H97: 0.26041667 | I97: 46279 | J97: 0 | K97: 46276 | L97: 373-STO-S10000031144 | M97: 400 | N97: 258DTS10000197771 | O97: 350 | P97: 0 | Q97: 46238 | R97: 726 | S97: STO | T97: 30 | U97: 0.34581 | V97: 0.377 | W97: 70.8 | X97: 46256 | Y97: 46254 | Z97: 0 | AA97: 31825 | AB97: MAERSK A/S | AC97: CN7937041 | AD97: AS SOPHIA | AE97: 631N | AF97: CN | AG97: PRT | AH97: CNSHA
A98: LF | B98: 0 | C98: MAEUIK0218280 | D98: FFAU7339088 | E98: C40HC | F98: 294DT260810726697 | G98: 46284 | H98: 0.26041667 | I98: 46279 | J98: 0 | K98: 46275 | L98: 373-STO-S10000031119 | M98: 400 | N98: 258DTS10000198714 | O98: 350 | P98: LARXU | Q98: 46244 | R98: 726 | S98: STO | T98: 7692 | U98: 17.273731 | V98: 18.54632792 | W98: 2930.137 | X98: 46268 | Y98: 46266 | Z98: 0 | AA98: 31825 | AB98: MAERSK A/S | AC98: CN4420679 | AD98: MERATUS JIMBARAN | AE98: 634N | AF98: CN | AG98: PRT | AH98: CNSHA
A99: LF | B99: 0 | C99: MAEUIK0218280 | D99: FFAU7339088 | E99: C40HC | F99: 319DT260810726698 | G99: 46284 | H99: 0.26041667 | I99: 46279 | J99: 0 | K99: 46275 | L99: 373-STO-S10000031119 | M99: 400 | N99: 258DTS10000198714 | O99: 350 | P99: LARXU | Q99: 46244 | R99: 726 | S99: STO | T99: 11516 | U99: 31.015887 | V99: 33.38117431 | W99: 6122.855 | X99: 46268 | Y99: 46266 | Z99: 0 | AA99: 31825 | AB99: MAERSK A/S | AC99: CN4420679 | AD99: MERATUS JIMBARAN | AE99: 634N | AF99: CN | AG99: PRT | AH99: CNSHA
A100: LF | B100: 0 | C100: MAEUIK0219226 | D100: MIEU3960396 | E100: C40HC | F100: 294DT260817726647 | G100: 46283 | H100: 0.27083333 | I100: 46276 | J100: 0 | K100: 46275 | L100: 373-STO-S10000031101 | M100: 400 | N100: 258DTS10000199628 | O100: 350 | P100: LARXU | Q100: 46251 | R100: 726 | S100: STO | T100: 5144 | U100: 9.164313 | V100: 9.88173986 | W100: 1812.923 | X100: 46268 | Y100: 46266 | Z100: 0 | AA100: 31825 | AB100: MAERSK A/S | AC100: CN3563790 | AD100: MERATUS JIMBARAN | AE100: 634N | AF100: CN | AG100: PRT | AH100: CNSHA
A101: LF | B101: 0 | C101: MAEUIK0219226 | D101: MIEU3960396 | E101: C40HC | F101: 294DT260817726650 | G101: 46283 | H101: 0.27083333 | I101: 46276 | J101: 0 | K101: 46275 | L101: 373-STO-S10000031101 | M101: 400 | N101: 258DTS10000199628 | O101: 350 | P101: LARXU | Q101: 46251 | R101: 726 | S101: STO | T101: 488 | U101: 1.2234 | V101: 1.308678 | W101: 94.944 | X101: 46268 | Y101: 46266 | Z101: 0 | AA101: 31825 | AB101: MAERSK A/S | AC101: CN3563790 | AD101: MERATUS JIMBARAN | AE101: 634N | AF101: CN | AG101: PRT | AH101: CNSHA
A102: LF | B102: 0 | C102: MAEUIK0219226 | D102: MIEU3960396 | E102: C40HC | F102: 319DT260817726648 | G102: 46283 | H102: 0.27083333 | I102: 46276 | J102: 0 | K102: 46275 | L102: 373-STO-S10000031101 | M102: 400 | N102: 258DTS10000199628 | O102: 350 | P102: LARXU | Q102: 46251 | R102: 726 | S102: STO | T102: 12928 | U102: 36.068296 | V102: 38.8146807 | W102: 6198.765 | X102: 46268 | Y102: 46266 | Z102: 0 | AA102: 31825 | AB102: MAERSK A/S | AC102: CN3563790 | AD102: MERATUS JIMBARAN | AE102: 634N | AF102: CN | AG102: PRT | AH102: CNSHA
A103: LF | B103: 0 | C103: MAEUIK0219226 | D103: MIEU3960396 | E103: C40HC | F103: 319DT260817726651 | G103: 46283 | H103: 0.27083333 | I103: 46276 | J103: 0 | K103: 46275 | L103: 373-STO-S10000031101 | M103: 400 | N103: 258DTS10000199628 | O103: 350 | P103: LARXU | Q103: 46251 | R103: 726 | S103: STO | T103: 546 | U103: 1.89879 | V103: 2.042838 | W103: 523.668 | X103: 46268 | Y103: 46266 | Z103: 0 | AA103: 31825 | AB103: MAERSK A/S | AC103: CN3563790 | AD103: MERATUS JIMBARAN | AE103: 634N | AF103: CN | AG103: PRT | AH103: CNSHA
A104: DD | B104: MILK RUN NOR | C104: MAEUIK0216866 | D104: TCKU7795764 | E104: C40HC | F104: 21985SUPECIS42294 | G104: 46282 | H104: 0.35416667 | I104: 46277 | J104: 0 | K104: 46276 | L104: 373-STO-S10000031087 | M104: 440 | N104: 037TSOS10000671058 | O104: 350 | P104: JUWAN78 | Q104: 46234 | R104: 726 | S104: STO | T104: 48 | U104: 0.709392 | V104: 0.8154 | W104: 230 | X104: 46279 | Y104: 46261 | Z104: 0 | AA104: 31825 | AB104: MAERSK A/S | AC104: CN7884065 | AD104: AS SIMONE | AE104: 632N | AF104: CN | AG104: PRT | AH104: CNSHA
...

Sheet SHP
A1: TYPE | B1: TYPE_1 | C1: BL | D1: Container NO. | E1: Lut Code | F1: Csm Id | G1: Planned Logistics Receiving(Date) | H1: Planned Logistics Receiving(Time) | I1: Cus. Date | J1: Customs Inspection Date | K1: Actual Arrival Date | L1: shipment ID | M1: Csm Stat | N1: Shp Id | O1: Shp Stat | P1: Shp CarContact | Q1: Shp DayCre | R1: Cnee Code | S1: Cnee Type | T1: Total Art Qty (pcs) | U1: Csm VolNetTot | V1: Csm VolGroTot | W1: Csm WeiGroTot | X1: Csm ArrDayPlan | Y1: ShpRou RecPldArrDate | Z1: LuTrL ActDepDate | AA1: Carrier Code | AB1: Carrier Name | AC1: Seal | AD1: Vessel Name | AE1: Voyage No | AF1: Start Cty | AG1: Start Type | AH1: Start Code | AI1: End Cty | AJ1: End Code | AK1: End TG:AEype | AL1: Incoterms | AM1: CGS Declaration No. | AN1: BL receiving | AO1: RECEIPTED BY CUSTOMS | AP1: BONDED WAREHOUSE | AQ1: SPLIT, LOCATION | AR1: Customs broker COMMENT | AS1: Damage Notice (MS bonded warehouse) | AT1: DEM exp date (ATA+14) | AU1: expiration date from Busan Port (Cus. Date+75days) | AV1: expiration date from INCHEON Port (Cus. Date+15days) | AW1: Inland Carrier | AX1: D-day Earliest | AY1: D-day Lasted | AZ1: DD best date | BA1: Actual Unloading | BB1: D | BC1: TYPE_2 | BD1: TYPE_3 | BE1: BL_4 | BF1: Container NO._5 | BG1: Lut Code_6 | BH1: POA Month | BI1: Floor_CSM | BJ1: Column62 | BK1: LT3.3 OT Early | BL1: LT3.3 OT Late | BM1: OTD Status | BN1: Causing party | BO1: Column67 | BP1: Column68 | BQ1: Column69 | BR1: Column70 | BS1: Column71 | BT1: Column72 | BU1: Column73 | BV1: Column74 | BW1: Column75 | BX1: Column76 | BY1: Column77 | BZ1: Column78 | CA1: Column79 | CB1: Column80 | CC1: Column81 | CD1: Column82 | CE1: Column83 | CF1: Column84 | CG1: Column85 | CH1: Column86 | CI1: Column87 | CJ1: Column88 | CK1: Column89 | CL1: Column90 | CM1: Column91 | CN1: Column92 | CO1: Column93 | CP1: Column94 | CQ1: Column95 | CR1: Column96 | CS1: Column97 | CT1: Column98 | CU1: Column99 | CV1: Column100 | CW1: Column101
A2: DD | C2: MAEUIK0223295 | D2: TCNU5314437 | E2: C40HC | F2: 19720SUPECIS214232 | G2: 46316 | H2: 0.27083333 | I2: 46303 | K2: 46303 | L2: 373-STO-S10000031673 | M2: 400 | N2: 012TSOS10000407873 | O2: 400 | P2: HEDXU | Q2: 46279 | R2: 726 | S2: STO | T2: 15061 | U2: 56.914439 | V2: 61.256584 | W2: 7562.76 | X2: 46304 | Y2: 46303 | Z2: 46292 | AA2: 31825 | AB2: MAERSK A/S | AC2: CN8689338 | AD2: MAERSK NANSHA | AE2: 638N | AF2: CN | AG2: PRT | AH2: CNNSA | AI2: KR | AJ2: KRPUS | AK2: PRT | AM2: INVMAEUIK0223295 | AO2: 46302 | AQ2: 부산신항만(주)자유무역지역 | AT2: 46316 | AU2: 46348 | AW2: HANJIN | BC2: DD | BE2: MAEUIK0223295 | BF2: TCNU5314437 | BG2: C40HC | CW2: {=IFERROR(_xlfn.IFS(H2=TIME(7,0,0),"GY",H2=TIME(7,30,0),"GY",H2=TIME(9,0,0),"GY",H2=TIME(15,0,0),"GY",H2=TIME(8,30,0),"GY",H2=TIME(5,30,0),"GY",H2=TIME(6,0,0),"GD",H2=TIME(6,30,0),"GD",H2=TIME(8,0,0),"GY",H2=TIME(6,15,0),"GD"),"")} -> GD
A3: DD | B3: MILK RUN NOR | C3: MAEUIK0222834 | D3: MIEU4249438 | E3: C40HC | F3: 22715SUPECIS75024 | G3: 46316 | H3: 0.35416667 | I3: 46307 | K3: 46305 | L3: 373-STO-S10000031661 | M3: 400 | N3: 037TSOS10000702465 | O3: 350 | P3: JIZHU80 | Q3: 46275 | R3: 726 | S3: STO | T3: 164 | U3: 5.067238 | V3: 5.435276 | W3: 1983.56 | X3: 46311 | Y3: 46305 | AA3: 31825 | AB3: MAERSK A/S | AC3: CN8245167 | AD3: MERATUS JIMBARAN | AE3: 638N | AF3: CN | AG3: PRT | AH3: CNSHA | AI3: KR | AJ3: KRINC | AK3: PRT | AM3: INVMAEUIK0222834 | AO3: 46307 | AQ3: 한진인천컨테이너터미널(주) | AS3: 신한 | AT3: 46319 | AV3: 46322 | AW3: HANJIN | BC3: DD | BD3: MILK RUN NOR | BE3: MAEUIK0222834 | BF3: MIEU4249438 | BG3: C40HC | CW3: {=IFERROR(_xlfn.IFS(H3=TIME(7,0,0),"GY",H3=TIME(7,30,0),"GY",H3=TIME(9,0,0),"GY",H3=TIME(15,0,0),"GY",H3=TIME(8,30,0),"GY",H3=TIME(5,30,0),"GY",H3=TIME(6,0,0),"GD",H3=TIME(6,30,0),"GD",H3=TIME(8,0,0),"GY",H3=TIME(6,15,0),"GD"),"")} -> GY
A4: LF | C4: MAEUIK0220641 | D4: MIEU4024977 | E4: C40HC | F4: 294DT260826726664 | G4: 46315 | H4: 0.27083333 | I4: 46302 | K4: 46300 | L4: 373-STO-S10000031671 | M4: 400 | N4: 258DTS10000201064 | O4: 350 | P4: LARXU | Q4: 46260 | R4: 726 | S4: STO | T4: 3377 | U4: 7.235952 | V4: 7.84381039 | W4: 1509.796 | X4: 46299 | Y4: 46300 | AA4: 31825 | AB4: MAERSK A/S | AC4: CN7277998 | AD4: GSL ELEFTHERIA | AE4: 637N | AF4: CN | AG4: PRT | AH4: CNSHA | AI4: KR | AJ4: KRINC | AK4: PRT | AL4: 한진 | AM4: INVMAEUIK0220641 | AO4: 46302 | AQ4: 한진인천컨테이너터미널(주) | AS4: 신한 | AT4: 46314 | AW4: HANJIN | BC4: LF | BE4: MAEUIK0220641 | BF4: MIEU4024977 | BG4: C40HC | CW4: {=IFERROR(_xlfn.IFS(H4=TIME(7,0,0),"GY",H4=TIME(7,30,0),"GY",H4=TIME(9,0,0),"GY",H4=TIME(15,0,0),"GY",H4=TIME(8,30,0),"GY",H4=TIME(5,30,0),"GY",H4=TIME(6,0,0),"GD",H4=TIME(6,30,0),"GD",H4=TIME(8,0,0),"GY",H4=TIME(6,15,0),"GD"),"")} -> GD
A5: LF | C5: MAEUIK0220641 | D5: MIEU4024977 | E5: C40HC | F5: 319DT260826726665 | G5: 46315 | H5: 0.27083333 | I5: 46302 | K5: 46300 | L5: 373-STO-S10000031671 | M5: 400 | N5: 258DTS10000201064 | O5: 350 | P5: LARXU | Q5: 46260 | R5: 726 | S5: STO | T5: 13562 | U5: 40.904855 | V5: 44.13954984 | W5: 9133.879 | X5: 46299 | Y5: 46300 | AA5: 31825 | AB5: MAERSK A/S | AC5: CN7277998 | AD5: GSL ELEFTHERIA | AE5: 637N | AF5: CN | AG5: PRT | AH5: CNSHA | AI5: KR | AJ5: KRINC | AK5: PRT | AL5: 한진 | AM5: INVMAEUIK0220641 | AO5: 46302 | AQ5: 한진인천컨테이너터미널(주) | AS5: 신한 | AT5: 46314 | AW5: HANJIN | BC5: LF | BE5: MAEUIK0220641 | BF5: MIEU4024977 | BG5: C40HC | CW5: {=IFERROR(_xlfn.IFS(H5=TIME(7,0,0),"GY",H5=TIME(7,30,0),"GY",H5=TIME(9,0,0),"GY",H5=TIME(15,0,0),"GY",H5=TIME(8,30,0),"GY",H5=TIME(5,30,0),"GY",H5=TIME(6,0,0),"GD",H5=TIME(6,30,0),"GD",H5=TIME(8,0,0),"GY",H5=TIME(6,15,0),"GD"),"")} -> GD
A6: HF | C6: MAEUIK0222603 | D6: CAJU5753527 | E6: C40HC | F6: 258DT260909726619 | G6: 46315 | H6: 0.625 | I6: 46307 | K6: 46305 | L6: 373-STO-S10000031672 | M6: 400 | N6: 258DTS10000203144 | O6: 350 | Q6: 46274 | R6: 726 | S6: STO | T6: 6927 | U6: 48.972276 | V6: 52.63371671 | W6: 6585.397 | X6: 46299 | Y6: 46305 | AA6: 31825 | AB6: MAERSK A/S | AC6: CN8245126 | AD6: MERATUS JIMBARAN | AE6: 638N | AF6: CN | AG6: PRT | AH6: CNSHA | AI6: KR | AJ6: KRINC | AK6: PRT | AM6: INVMAEUIK0222603 | AO6: 46307 | AQ6: 한진인천컨테이너터미널(주) | AS6: 신한 | AT6: 46319 | AV6: 46322 | AW6: HANJIN | BC6: HF | BE6: MAEUIK0222603 | BF6: CAJU5753527 | BG6: C40HC | CW6: {=IFERROR(_xlfn.IFS(H6=TIME(7,0,0),"GY",H6=TIME(7,30,0),"GY",H6=TIME(9,0,0),"GY",H6=TIME(15,0,0),"GY",H6=TIME(8,30,0),"GY",H6=TIME(5,30,0),"GY",H6=TIME(6,0,0),"GD",H6=TIME(6,30,0),"GD",H6=TIME(8,0,0),"GY",H6=TIME(6,15,0),"GD"),"")} -> GY
A7: HF | C7: MAEUIK0222603 | D7: CAJU5753527 | E7: C40HC | F7: 277DT260909726620 | G7: 46315 | H7: 0.625 | I7: 46307 | K7: 46305 | L7: 373-STO-S10000031672 | M7: 400 | N7: 258DTS10000203144 | O7: 350 | Q7: 46274 | R7: 726 | S7: STO | T7: 2602 | U7: 6.940198 | V7: 7.441753 | W7: 1068.502 | X7: 46299 | Y7: 46305 | AA7: 31825 | AB7: MAERSK A/S | AC7: CN8245126 | AD7: MERATUS JIMBARAN | AE7: 638N | AF7: CN | AG7: PRT | AH7: CNSHA | AI7: KR | AJ7: KRINC | AK7: PRT | AM7: INVMAEUIK0222603 | AO7: 46307 | AQ7: 한진인천컨테이너터미널(주) | AS7: 신한 | AT7: 46319 | AV7: 46322 | AW7: HANJIN | BC7: HF | BE7: MAEUIK0222603 | BF7: CAJU5753527 | BG7: C40HC | CW7: {=IFERROR(_xlfn.IFS(H7=TIME(7,0,0),"GY",H7=TIME(7,30,0),"GY",H7=TIME(9,0,0),"GY",H7=TIME(15,0,0),"GY",H7=TIME(8,30,0),"GY",H7=TIME(5,30,0),"GY",H7=TIME(6,0,0),"GD",H7=TIME(6,30,0),"GD",H7=TIME(8,0,0),"GY",H7=TIME(6,15,0),"GD"),"")} -> GY
A8: DD | B8: MILK RUN NOR | C8: MAEUIK0222136 | D8: GATU8481853 | E8: C40HC | F8: 21072SUPECIS76085 | G8: 46314 | H8: 0.35416667 | I8: 46307 | K8: 46304 | L8: 373-STO-S10000031632 | M8: 400 | N8: 037TSOS10000698570 | O8: 350 | P8: LINLI65 | Q8: 46271 | R8: 726 | S8: STO | T8: 156 | U8: 4.539972 | V8: 4.841639 | W8: 1999.62 | X8: 46293 | Y8: 46304 | AA8: 31825 | AB8: MAERSK A/S | AC8: CN8989674 | AD8: GJERTRUD MAERSK | AE8: 638E | AF8: CN | AG8: PRT | AH8: CNNGB | AI8: KR | AJ8: KRPUS | AK8: PRT | AM8: INVMAEUIK0222136 | AO8: 46307 | AQ8: 부산신항만(주)자유무역지역 | AR8: MILK RUN NOR | AT8: 46318 | AU8: 46352 | AW8: HANJIN | BC8: DD | BD8: MILK RUN NOR | BE8: MAEUIK0222136 | BF8: GATU8481853 | BG8: C40HC | CW8: {=IFERROR(_xlfn.IFS(H8=TIME(7,0,0),"GY",H8=TIME(7,30,0),"GY",H8=TIME(9,0,0),"GY",H8=TIME(15,0,0),"GY",H8=TIME(8,30,0),"GY",H8=TIME(5,30,0),"GY",H8=TIME(6,0,0),"GD",H8=TIME(6,30,0),"GD",H8=TIME(8,0,0),"GY",H8=TIME(6,15,0),"GD"),"")} -> GY
A9: LF | C9: MAEUIK0221076 | D9: MIEU3937673 | E9: C40HC | F9: 294DT260828726913 | G9: 46314 | H9: 0.27083333 | I9: 46303 | K9: 46300 | L9: 373-STO-S10000031638 | M9: 400 | N9: 258DTS10000201515 | O9: 350 | P9: LARXU | Q9: 46262 | R9: 726 | S9: STO | T9: 11249 | U9: 15.890792 | V9: 17.13080399 | W9: 3153.507 | X9: 46299 | Y9: 46300 | AA9: 31825 | AB9: MAERSK A/S | AC9: CN7277991 | AD9: GSL ELEFTHERIA | AE9: 637N | AF9: CN | AG9: PRT | AH9: CNSHA | AI9: KR | AJ9: KRINC | AK9: PRT | AL9: 한진 | AM9: INVMAEUIK0221076 | AO9: 46303 | AQ9: 한진인천컨테이너터미널(주) | AS9: 신한 | AT9: 46314 | AW9: HANJIN | BC9: LF | BE9: MAEUIK0221076 | BF9: MIEU3937673 | BG9: C40HC | CW9: {=IFERROR(_xlfn.IFS(H9=TIME(7,0,0),"GY",H9=TIME(7,30,0),"GY",H9=TIME(9,0,0),"GY",H9=TIME(15,0,0),"GY",H9=TIME(8,30,0),"GY",H9=TIME(5,30,0),"GY",H9=TIME(6,0,0),"GD",H9=TIME(6,30,0),"GD",H9=TIME(8,0,0),"GY",H9=TIME(6,15,0),"GD"),"")} -> GD
A10: LF | C10: MAEUIK0221076 | D10: MIEU3937673 | E10: C40HC | F10: 319DT260828726914 | G10: 46314 | H10: 0.27083333 | I10: 46303 | K10: 46300 | L10: 373-STO-S10000031638 | M10: 400 | N10: 258DTS10000201515 | O10: 350 | P10: LARXU | Q10: 46262 | R10: 726 | S10: STO | T10: 10034 | U10: 32.237779 | V10: 34.78955881 | W10: 7090.924 | X10: 46299 | Y10: 46300 | AA10: 31825 | AB10: MAERSK A/S | AC10: CN7277991 | AD10: GSL ELEFTHERIA | AE10: 637N | AF10: CN | AG10: PRT | AH10: CNSHA | AI10: KR | AJ10: KRINC | AK10: PRT | AL10: 한진 | AM10: INVMAEUIK0221076 | AO10: 46303 | AQ10: 한진인천컨테이너터미널(주) | AS10: 신한 | AT10: 46314 | AW10: HANJIN | BC10: LF | BE10: MAEUIK0221076 | BF10: MIEU3937673 | BG10: C40HC | CW10: {=IFERROR(_xlfn.IFS(H10=TIME(7,0,0),"GY",H10=TIME(7,30,0),"GY",H10=TIME(9,0,0),"GY",H10=TIME(15,0,0),"GY",H10=TIME(8,30,0),"GY",H10=TIME(5,30,0),"GY",H10=TIME(6,0,0),"GD",H10=TIME(6,30,0),"GD",H10=TIME(8,0,0),"GY",H10=TIME(6,15,0),"GD"),"")} -> GD
A11: DD | B11: MILK RUN NOR | C11: MAEUIK0221730 | D11: MIEU4055031 | E11: C40HC | F11: 21072SUPECIS75985 | G11: 46313 | H11: 0.35416667 | I11: 46307 | K11: 46304 | L11: 373-STO-S10000031603 | M11: 400 | N11: 037TSOS10000696475 | O11: 350 | P11: LINLI65 | Q11: 46268 | R11: 726 | S11: STO | T11: 204 | U11: 5.917482 | V11: 6.312573 | W11: 2962.82 | X11: 46293 | Y11: 46304 | AA11: 31825 | AB11: MAERSK A/S | AC11: CN9083167 | AD11: GJERTRUD MAERSK | AE11: 638E | AF11: CN | AG11: PRT | AH11: CNNGB | AI11: KR | AJ11: KRPUS | AK11: PRT | AM11: INVMAEUIK0221730 | AO11: 46307 | AQ11: 부산신항만(주)자유무역지역 | AR11: MILK RUN NOR | AT11: 46318 | AU11: 46352 | AW11: HANJIN | BC11: DD | BD11: MILK RUN NOR | BE11: MAEUIK0221730 | BF11: MIEU4055031 | BG11: C40HC | CW11: {=IFERROR(_xlfn.IFS(H11=TIME(7,0,0),"GY",H11=TIME(7,30,0),"GY",H11=TIME(9,0,0),"GY",H11=TIME(15,0,0),"GY",H11=TIME(8,30,0),"GY",H11=TIME(5,30,0),"GY",H11=TIME(6,0,0),"GD",H11=TIME(6,30,0),"GD",H11=TIME(8,0,0),"GY",H11=TIME(6,15,0),"GD"),"")} -> GY
A12: HF | C12: MAEUIK0222031 | D12: MIEU4248386 | E12: C40HC | F12: 258DT260904726418 | G12: 46313 | H12: 0.26041667 | I12: 46307 | K12: 46305 | L12: 373-STO-S10000031617 | M12: 400 | N12: 258DTS10000202574 | O12: 350 | Q12: 46269 | R12: 726 | S12: STO | T12: 6394 | U12: 55.448337 | V12: 60.24409681 | W12: 10041.689 | X12: 46298 | Y12: 46305 | AA12: 31825 | AB12: MAERSK A/S | AC12: CN8245186 | AD12: MERATUS JIMBARAN | AE12: 638N | AF12: CN | AG12: PRT | AH12: CNSHA | AI12: KR | AJ12: KRINC | AK12: PRT | AM12: INVMAEUIK0222031 | AO12: 46307 | AQ12: 한진인천컨테이너터미널(주) | AS12: 신한 | AT12: 46319 | AV12: 46322 | AW12: HANJIN | BC12: HF | BE12: MAEUIK0222031 | BF12: MIEU4248386 | BG12: C40HC | CW12: {=IFERROR(_xlfn.IFS(H12=TIME(7,0,0),"GY",H12=TIME(7,30,0),"GY",H12=TIME(9,0,0),"GY",H12=TIME(15,0,0),"GY",H12=TIME(8,30,0),"GY",H12=TIME(5,30,0),"GY",H12=TIME(6,0,0),"GD",H12=TIME(6,30,0),"GD",H12=TIME(8,0,0),"GY",H12=TIME(6,15,0),"GD"),"")} -> GD
A13: DD | B13: MILK RUN NOR | C13: PLISH7H50874 | D13: HLHU8363061 | E13: C40HC | F13: 21072SUPECIS76473 | G13: 46312 | H13: 0.35416667 | I13: 46303 | K13: 46303 | L13: 373-STO-S10000031593 | M13: 400 | N13: 037TSOS10000709772 | O13: 300 | P13: LINLI65 | Q13: 46288 | R13: 726 | S13: STO | T13: 204 | U13: 5.768894 | V13: 6.136606 | W13: 2268.98 | X13: 46304 | Y13: 46302 | AA13: 33300 | AB13: LX PANTOS CO., LTD. | AC13: 123123 | AD13: SAWASDEE SIRIUS | AE13: 2626E | AF13: CN | AG13: PRT | AH13: CNNGB | AI13: KR | AJ13: KRPUS | AK13: PRT | AM13: INVPLISH7H50874 | AO13: 46303 | AQ13: 신선대감만터미널(주) 신선대CY | AR13: MILK RUN NOR | AT13: 46317 | AU13: 46378 | AW13: HANJIN | BC13: DD | BD13: MILK RUN NOR | BE13: PLISH7H50874 | BF13: HLHU8363061 | BG13: C40HC | CW13: {=IFERROR(_xlfn.IFS(H13=TIME(7,0,0),"GY",H13=TIME(7,30,0),"GY",H13=TIME(9,0,0),"GY",H13=TIME(15,0,0),"GY",H13=TIME(8,30,0),"GY",H13=TIME(5,30,0),"GY",H13=TIME(6,0,0),"GD",H13=TIME(6,30,0),"GD",H13=TIME(8,0,0),"GY",H13=TIME(6,15,0),"GD"),"")} -> GY
A14: HF | C14: MAEUIK0221456 | D14: MRKU5905253 | E14: C40HC | F14: 258DT260901726134 | G14: 46312 | H14: 0.26041667 | I14: 46302 | K14: 46300 | L14: 373-STO-S10000031599 | M14: 400 | N14: 258DTS10000201885 | O14: 350 | P14: JEGAO9 | Q14: 46266 | R14: 726 | S14: STO | T14: 7206 | U14: 52.9611 | V14: 56.90923493 | W14: 10466.317 | X14: 46299 | Y14: 46300 | AA14: 31825 | AB14: MAERSK A/S | AC14: CN8117899 | AD14: GSL ELEFTHERIA | AE14: 637N | AF14: CN | AG14: PRT | AH14: CNSHA | AI14: KR | AJ14: KRINC | AK14: PRT | AM14: INVMAEUIK0221456 | AO14: 46302 | AQ14: 한진인천컨테이너터미널(주) | AS14: 신한 | AT14: 46314 | AV14: 46317 | AW14: HANJIN | BC14: HF | BE14: MAEUIK0221456 | BF14: MRKU5905253 | BG14: C40HC | CW14: {=IFERROR(_xlfn.IFS(H14=TIME(7,0,0),"GY",H14=TIME(7,30,0),"GY",H14=TIME(9,0,0),"GY",H14=TIME(15,0,0),"GY",H14=TIME(8,30,0),"GY",H14=TIME(5,30,0),"GY",H14=TIME(6,0,0),"GD",H14=TIME(6,30,0),"GD",H14=TIME(8,0,0),"GY",H14=TIME(6,15,0),"GD"),"")} -> GD
A15: HF | C15: MAEUIK0221456 | D15: MRKU5905253 | E15: C40HC | F15: 258DT260901726136 | G15: 46312 | H15: 0.26041667 | I15: 46302 | K15: 46300 | L15: 373-STO-S10000031599 | M15: 400 | N15: 258DTS10000201885 | O15: 350 | P15: JEGAO9 | Q15: 46266 | R15: 726 | S15: STO | T15: 220 | U15: 2.79726 | V15: 2.985278 | W15: 824.622 | X15: 46299 | Y15: 46300 | AA15: 31825 | AB15: MAERSK A/S | AC15: CN8117899 | AD15: GSL ELEFTHERIA | AE15: 637N | AF15: CN | AG15: PRT | AH15: CNSHA | AI15: KR | AJ15: KRINC | AK15: PRT | AM15: INVMAEUIK0221456 | AO15: 46302 | AQ15: 한진인천컨테이너터미널(주) | AS15: 신한 | AT15: 46314 | AV15: 46317 | AW15: HANJIN | BC15: HF | BE15: MAEUIK0221456 | BF15: MRKU5905253 | BG15: C40HC | CW15: {=IFERROR(_xlfn.IFS(H15=TIME(7,0,0),"GY",H15=TIME(7,30,0),"GY",H15=TIME(9,0,0),"GY",H15=TIME(15,0,0),"GY",H15=TIME(8,30,0),"GY",H15=TIME(5,30,0),"GY",H15=TIME(6,0,0),"GD",H15=TIME(6,30,0),"GD",H15=TIME(8,0,0),"GY",H15=TIME(6,15,0),"GD"),"")} -> GD
A16: HF | C16: MAEUIK0221456 | D16: MRKU5905253 | E16: C40HC | F16: 277DT260901726137 | G16: 46312 | H16: 0.26041667 | I16: 46302 | K16: 46300 | L16: 373-STO-S10000031599 | M16: 400 | N16: 258DTS10000201885 | O16: 350 | P16: JEGAO9 | Q16: 46266 | R16: 726 | S16: STO | T16: 128 | U16: 0.524288 | V16: 0.556875 | W16: 37.76 | X16: 46299 | Y16: 46300 | AA16: 31825 | AB16: MAERSK A/S | AC16: CN8117899 | AD16: GSL ELEFTHERIA | AE16: 637N | AF16: CN | AG16: PRT | AH16: CNSHA | AI16: KR | AJ16: KRINC | AK16: PRT | AM16: INVMAEUIK0221456 | AO16: 46302 | AQ16: 한진인천컨테이너터미널(주) | AS16: 신한 | AT16: 46314 | AV16: 46317 | AW16: HANJIN | BC16: HF | BE16: MAEUIK0221456 | BF16: MRKU5905253 | BG16: C40HC | CW16: {=IFERROR(_xlfn.IFS(H16=TIME(7,0,0),"GY",H16=TIME(7,30,0),"GY",H16=TIME(9,0,0),"GY",H16=TIME(15,0,0),"GY",H16=TIME(8,30,0),"GY",H16=TIME(5,30,0),"GY",H16=TIME(6,0,0),"GD",H16=TIME(6,30,0),"GD",H16=TIME(8,0,0),"GY",H16=TIME(6,15,0),"GD"),"")} -> GD
A17: DD | B17: MILK RUN NOR | C17: MAEUIK0222640 | D17: MIEU4026136 | E17: C40HC | F17: 22715SUPECIS74434 | G17: 46312 | H17: 0.35416667 | I17: 46302 | K17: 46300 | L17: 373-STO-S10000031592 | M17: 400 | N17: 037TSOS10000701591 | O17: 350 | P17: HEDXU | Q17: 46274 | R17: 726 | S17: STO | T17: 130 | U17: 5.51538 | V17: 5.913997 | W17: 2074.79 | X17: 46286 | Y17: 46300 | AA17: 31825 | AB17: MAERSK A/S | AC17: CN8118336 | AD17: GSL ELEFTHERIA | AE17: 637N | AF17: CN | AG17: PRT | AH17: CNSHA | AI17: KR | AJ17: KRINC | AK17: PRT | AM17: INVMAEUIK0222640 | AO17: 46302 | AQ17: 한진인천컨테이너터미널(주) | AS17: 신한 | AT17: 46314 | AV17: 46317 | AW17: HANJIN | BC17: DD | BD17: MILK RUN NOR | BE17: MAEUIK0222640 | BF17: MIEU4026136 | BG17: C40HC | CW17: {=IFERROR(_xlfn.IFS(H17=TIME(7,0,0),"GY",H17=TIME(7,30,0),"GY",H17=TIME(9,0,0),"GY",H17=TIME(15,0,0),"GY",H17=TIME(8,30,0),"GY",H17=TIME(5,30,0),"GY",H17=TIME(6,0,0),"GD",H17=TIME(6,30,0),"GD",H17=TIME(8,0,0),"GY",H17=TIME(6,15,0),"GD"),"")} -> GY
A18: LF | C18: MAEUIK0220633 | D18: MIEU4026408 | E18: C40HC | F18: 294DT260826726667 | G18: 46311 | H18: 0.27083333 | I18: 46302 | K18: 46300 | L18: 373-STO-S10000031572 | M18: 400 | N18: 258DTS10000201056 | O18: 350 | P18: LARXU | Q18: 46260 | R18: 726 | S18: STO | T18: 1324 | U18: 5.167979 | V18: 5.57277518 | W18: 1073.011 | X18: 46299 | Y18: 46300 | AA18: 31825 | AB18: MAERSK A/S | AC18: CN7277908 | AD18: GSL ELEFTHERIA | AE18: 637N | AF18: CN | AG18: PRT | AH18: CNSHA | AI18: KR | AJ18: KRINC | AK18: PRT | AM18: INVMAEUIK0220633 | AO18: 46302 | AQ18: 한진인천컨테이너터미널(주) | AS18: 신한 | AT18: 46314 | AV18: 46317 | AW18: HANJIN | BC18: LF | BE18: MAEUIK0220633 | BF18: MIEU4026408 | BG18: C40HC | CW18: {=IFERROR(_xlfn.IFS(H18=TIME(7,0,0),"GY",H18=TIME(7,30,0),"GY",H18=TIME(9,0,0),"GY",H18=TIME(15,0,0),"GY",H18=TIME(8,30,0),"GY",H18=TIME(5,30,0),"GY",H18=TIME(6,0,0),"GD",H18=TIME(6,30,0),"GD",H18=TIME(8,0,0),"GY",H18=TIME(6,15,0),"GD"),"")} -> GD
A19: LF | C19: MAEUIK0220633 | D19: MIEU4026408 | E19: C40HC | F19: 319DT260826726668 | G19: 46311 | H19: 0.27083333 | I19: 46302 | K19: 46300 | L19: 373-STO-S10000031572 | M19: 400 | N19: 258DTS10000201056 | O19: 350 | P19: LARXU | Q19: 46260 | R19: 726 | S19: STO | T19: 12744 | U19: 43.098395 | V19: 46.33617804 | W19: 7481.412 | X19: 46299 | Y19: 46300 | AA19: 31825 | AB19: MAERSK A/S | AC19: CN7277908 | AD19: GSL ELEFTHERIA | AE19: 637N | AF19: CN | AG19: PRT | AH19: CNSHA | AI19: KR | AJ19: KRINC | AK19: PRT | AM19: INVMAEUIK0220633 | AO19: 46302 | AQ19: 한진인천컨테이너터미널(주) | AS19: 신한 | AT19: 46314 | AV19: 46317 | AW19: HANJIN | BC19: LF | BE19: MAEUIK0220633 | BF19: MIEU4026408 | BG19: C40HC | CW19: {=IFERROR(_xlfn.IFS(H19=TIME(7,0,0),"GY",H19=TIME(7,30,0),"GY",H19=TIME(9,0,0),"GY",H19=TIME(15,0,0),"GY",H19=TIME(8,30,0),"GY",H19=TIME(5,30,0),"GY",H19=TIME(6,0,0),"GD",H19=TIME(6,30,0),"GD",H19=TIME(8,0,0),"GY",H19=TIME(6,15,0),"GD"),"")} -> GD
A20: DD | B20: MILK RUN NOR | C20: MAEUIK0222641 | D20: MIEU4250531 | E20: C40HC | F20: 22715SUPECIS74800 | G20: 46311 | H20: 0.35416667 | I20: 46301 | K20: 46300 | L20: 373-STO-S10000031558 | M20: 400 | N20: 037TSOS10000701589 | O20: 350 | P20: HEDXU | Q20: 46274 | R20: 726 | S20: STO | T20: 284 | U20: 18.975908 | V20: 20.261386 | W20: 8158.02 | X20: 46287 | Y20: 46300 | AA20: 31825 | AB20: MAERSK A/S | AC20: CN8117812 | AD20: GSL ELEFTHERIA | AE20: 637N | AF20: CN | AG20: PRT | AH20: CNSHA | AI20: KR | AJ20: KRINC | AK20: PRT | AM20: INVMAEUIK0222641 | AO20: 46301 | AQ20: 한진인천컨테이너터미널(주) | AS20: 신한 | AT20: 46314 | AV20: 46316 | AW20: HANJIN | BC20: DD | BD20: MILK RUN NOR | BE20: MAEUIK0222641 | BF20: MIEU4250531 | BG20: C40HC | CW20: {=IFERROR(_xlfn.IFS(H20=TIME(7,0,0),"GY",H20=TIME(7,30,0),"GY",H20=TIME(9,0,0),"GY",H20=TIME(15,0,0),"GY",H20=TIME(8,30,0),"GY",H20=TIME(5,30,0),"GY",H20=TIME(6,0,0),"GD",H20=TIME(6,30,0),"GD",H20=TIME(8,0,0),"GY",H20=TIME(6,15,0),"GD"),"")} -> GY
A21: DD | B21: MILK RUN NOR | C21: MAEUIK0220980 | D21: CAAU5980289 | E21: C40HC | F21: 21072SUPECIS75793 | G21: 46310 | H21: 0.35416667 | I21: 46302 | J21: 46301 | K21: 46298 | L21: 373-STO-S10000031553 | M21: 400 | N21: 037TSOS10000692070 | O21: 350 | P21: LINLI65 | Q21: 46261 | R21: 726 | S21: STO | T21: 195 | U21: 6.568349 | V21: 6.98245 | W21: 2702.47 | X21: 46286 | Y21: 46298 | AA21: 31825 | AB21: MAERSK A/S | AC21: CN6570542 | AD21: MUNDRA EXPRESS | AE21: 637E | AF21: CN | AG21: PRT | AH21: CNNGB | AI21: KR | AJ21: KRPUS | AK21: PRT | AM21: INVMAEUIK0220980 | AO21: 46301 | AQ21: 부산신항만(주)자유무역지역 | AR21: MILK RUN NOR, 검사 | AT21: 46312 | AU21: 46347 | AW21: HANJIN | BC21: DD | BD21: MILK RUN NOR | BE21: MAEUIK0220980 | BF21: CAAU5980289 | BG21: C40HC | CW21: {=IFERROR(_xlfn.IFS(H21=TIME(7,0,0),"GY",H21=TIME(7,30,0),"GY",H21=TIME(9,0,0),"GY",H21=TIME(15,0,0),"GY",H21=TIME(8,30,0),"GY",H21=TIME(5,30,0),"GY",H21=TIME(6,0,0),"GD",H21=TIME(6,30,0),"GD",H21=TIME(8,0,0),"GY",H21=TIME(6,15,0),"GD"),"")} -> GY
A22: HF | B22: F/C | C22: MAEUIK0220276 | D22: MRSU2805377 | E22: C40HC | F22: 258DT260824726627 | G22: 46310 | H22: 0.27083333 | I22: 46302 | K22: 46285 | L22: 373-STO-S10000031571 | M22: 400 | N22: 258DTS10000200778 | O22: 350 | Q22: 46258 | R22: 726 | S22: STO | T22: 25043 | U22: 46.062759 | V22: 49.8495584 | W22: 8479.826 | X22: 46271 | Y22: 46285 | AA22: 31825 | AB22: MAERSK A/S | AC22: CN4909050 | AD22: XIN BIN ZHOU | AE22: 635N | AF22: CN | AG22: PRT | AH22: CNSHA | AI22: KR | AJ22: KRINC | AK22: PRT | AM22: INVMAEUIK0220276 | AO22: 46302 | AP22: FINE | AQ22: (주) 화인통상 | AR22: 172차 FOOD CONTACT/10-07 전량 수리 | AS22: 신한 | AW22: HANJIN | BC22: HF | BD22: F/C | BE22: MAEUIK0220276 | BF22: MRSU2805377 | BG22: C40HC | CW22: {=IFERROR(_xlfn.IFS(H22=TIME(7,0,0),"GY",H22=TIME(7,30,0),"GY",H22=TIME(9,0,0),"GY",H22=TIME(15,0,0),"GY",H22=TIME(8,30,0),"GY",H22=TIME(5,30,0),"GY",H22=TIME(6,0,0),"GD",H22=TIME(6,30,0),"GD",H22=TIME(8,0,0),"GY",H22=TIME(6,15,0),"GD"),"")} -> GD
A23: HF | B23: F/C | C23: MAEUIK0220276 | D23: MRSU2805377 | E23: C40HC | F23: 277DT260824726628 | G23: 46310 | H23: 0.27083333 | I23: 46302 | K23: 46285 | L23: 373-STO-S10000031571 | M23: 400 | N23: 258DTS10000200778 | O23: 350 | Q23: 46258 | R23: 726 | S23: STO | T23: 7208 | U23: 8.71888 | V23: 9.364472 | W23: 1703.984 | X23: 46271 | Y23: 46285 | AA23: 31825 | AB23: MAERSK A/S | AC23: CN4909050 | AD23: XIN BIN ZHOU | AE23: 635N | AF23: CN | AG23: PRT | AH23: CNSHA | AI23: KR | AJ23: KRINC | AK23: PRT | AM23: INVMAEUIK0220276 | AO23: 46302 | AP23: FINE | AQ23: (주) 화인통상 | AR23: 172차 FOOD CONTACT/10-07 전량 수리 | AS23: 신한 | AW23: HANJIN | BC23: HF | BD23: F/C | BE23: MAEUIK0220276 | BF23: MRSU2805377 | BG23: C40HC | CW23: {=IFERROR(_xlfn.IFS(H23=TIME(7,0,0),"GY",H23=TIME(7,30,0),"GY",H23=TIME(9,0,0),"GY",H23=TIME(15,0,0),"GY",H23=TIME(8,30,0),"GY",H23=TIME(5,30,0),"GY",H23=TIME(6,0,0),"GD",H23=TIME(6,30,0),"GD",H23=TIME(8,0,0),"GY",H23=TIME(6,15,0),"GD"),"")} -> GD
A24: HF | C24: MAEUIK0222039 | D24: MRKU4820043 | E24: C40HC | F24: 258DT260904726357 | G24: 46309 | H24: 0.27083333 | I24: 46302 | K24: 46300 | L24: 373-STO-S10000031533 | M24: 400 | N24: 258DTS10000202591 | O24: 350 | Q24: 46269 | R24: 726 | S24: STO | T24: 7443 | U24: 51.132604 | V24: 54.87575878 | W24: 5875.985 | X24: 46299 | Y24: 46300 | AA24: 31825 | AB24: MAERSK A/S | AC24: CN8163314 | AD24: GSL ELEFTHERIA | AE24: 637N | AF24: CN | AG24: PRT | AH24: CNSHA | AI24: KR | AJ24: KRINC | AK24: PRT | AM24: INVMAEUIK0222039 | AO24: 46302 | AQ24: 한진인천컨테이너터미널(주) | AS24: 신한 | AT24: 46314 | AV24: 46317 | AW24: HANJIN | BC24: HF | BE24: MAEUIK0222039 | BF24: MRKU4820043 | BG24: C40HC | CW24: {=IFERROR(_xlfn.IFS(H24=TIME(7,0,0),"GY",H24=TIME(7,30,0),"GY",H24=TIME(9,0,0),"GY",H24=TIME(15,0,0),"GY",H24=TIME(8,30,0),"GY",H24=TIME(5,30,0),"GY",H24=TIME(6,0,0),"GD",H24=TIME(6,30,0),"GD",H24=TIME(8,0,0),"GY",H24=TIME(6,15,0),"GD"),"")} -> GD
A25: HF | C25: MAEUIK0222039 | D25: MRKU4820043 | E25: C40HC | F25: 277DT260904726358 | G25: 46309 | H25: 0.27083333 | I25: 46302 | K25: 46300 | L25: 373-STO-S10000031533 | M25: 400 | N25: 258DTS10000202591 | O25: 350 | Q25: 46269 | R25: 726 | S25: STO | T25: 247 | U25: 4.413674 | V25: 4.713329 | W25: 892.138 | X25: 46299 | Y25: 46300 | AA25: 31825 | AB25: MAERSK A/S | AC25: CN8163314 | AD25: GSL ELEFTHERIA | AE25: 637N | AF25: CN | AG25: PRT | AH25: CNSHA | AI25: KR | AJ25: KRINC | AK25: PRT | AM25: INVMAEUIK0222039 | AO25: 46302 | AQ25: 한진인천컨테이너터미널(주) | AS25: 신한 | AT25: 46314 | AV25: 46317 | AW25: HANJIN | BC25: HF | BE25: MAEUIK0222039 | BF25: MRKU4820043 | BG25: C40HC | CW25: {=IFERROR(_xlfn.IFS(H25=TIME(7,0,0),"GY",H25=TIME(7,30,0),"GY",H25=TIME(9,0,0),"GY",H25=TIME(15,0,0),"GY",H25=TIME(8,30,0),"GY",H25=TIME(5,30,0),"GY",H25=TIME(6,0,0),"GD",H25=TIME(6,30,0),"GD",H25=TIME(8,0,0),"GY",H25=TIME(6,15,0),"GD"),"")} -> GD
A26: DD | B26: MILK RUN NOR | C26: MAEUIK0220495 | D26: MIEU4025274 | E26: C40HC | F26: 22715SUPECIS74601 | G26: 46309 | H26: 0.35416667 | I26: 46302 | K26: 46300 | L26: 373-STO-S10000031511 | M26: 400 | N26: 037TSOS10000689650 | O26: 350 | P26: JIZHU80 | Q26: 46259 | R26: 726 | S26: STO | T26: 250 | U26: 13.652022 | V26: 14.587563 | W26: 5544.26 | X26: 46299 | Y26: 46300 | AA26: 31825 | AB26: MAERSK A/S | AC26: CN8118384 | AD26: GSL ELEFTHERIA | AE26: 637N | AF26: CN | AG26: PRT | AH26: CNSHA | AI26: KR | AJ26: KRINC | AK26: PRT | AM26: INVMAEUIK0220495 | AO26: 46302 | AQ26: 한진인천컨테이너터미널(주) | AS26: 신한 | AT26: 46314 | AV26: 46317 | AW26: HANJIN | BC26: DD | BD26: MILK RUN NOR | BE26: MAEUIK0220495 | BF26: MIEU4025274 | BG26: C40HC | CW26: {=IFERROR(_xlfn.IFS(H26=TIME(7,0,0),"GY",H26=TIME(7,30,0),"GY",H26=TIME(9,0,0),"GY",H26=TIME(15,0,0),"GY",H26=TIME(8,30,0),"GY",H26=TIME(5,30,0),"GY",H26=TIME(6,0,0),"GD",H26=TIME(6,30,0),"GD",H26=TIME(8,0,0),"GY",H26=TIME(6,15,0),"GD"),"")} -> GY
A27: LF | B27: F/C | C27: MAEUIK0219223 | D27: MRSU0374959 | E27: C20DV | F27: 294DT260817726679 | G27: 46308 | H27: 0.27083333 | I27: 46297 | K27: 46275 | L27: 373-STO-S10000031532 | M27: 400 | N27: 258DTS10000199632 | O27: 350 | P27: LARXU | Q27: 46251 | R27: 726 | S27: STO | T27: 10984 | U27: 7.940101 | V27: 8.60600785 | W27: 2156.211 | X27: 46268 | Y27: 46266 | AA27: 31825 | AB27: MAERSK A/S | AC27: CN9769825 | AD27: MERATUS JIMBARAN | AE27: 634N | AF27: CN | AG27: PRT | AH27: CNSHA | AI27: KR | AJ27: KRINC | AK27: PRT | AM27: INVMAEUIK0219223 | AO27: 46297 | AP27: FINE | AQ27: (주) 화인통상 | AR27: 171차 FOOD CONTACT/분할신고완료/10-06분할잔량 수리 | AS27: 신한 | AW27: HANJIN | BC27: LF | BD27: F/C | BE27: MAEUIK0219223 | BF27: MRSU0374959 | BG27: C20DV | CW27: {=IFERROR(_xlfn.IFS(H27=TIME(7,0,0),"GY",H27=TIME(7,30,0),"GY",H27=TIME(9,0,0),"GY",H27=TIME(15,0,0),"GY",H27=TIME(8,30,0),"GY",H27=TIME(5,30,0),"GY",H27=TIME(6,0,0),"GD",H27=TIME(6,30,0),"GD",H27=TIME(8,0,0),"GY",H27=TIME(6,15,0),"GD"),"")} -> GD
A28: LF | B28: F/C | C28: MAEUIK0219223 | D28: MRSU0374959 | E28: C20DV | F28: 319DT260817726680 | G28: 46308 | H28: 0.27083333 | I28: 46297 | K28: 46275 | L28: 373-STO-S10000031532 | M28: 400 | N28: 258DTS10000199632 | O28: 350 | P28: LARXU | Q28: 46251 | R28: 726 | S28: STO | T28: 10401 | U28: 13.3342 | V28: 14.41738818 | W28: 2848.716 | X28: 46268 | Y28: 46266 | AA28: 31825 | AB28: MAERSK A/S | AC28: CN9769825 | AD28: MERATUS JIMBARAN | AE28: 634N | AF28: CN | AG28: PRT | AH28: CNSHA | AI28: KR | AJ28: KRINC | AK28: PRT | AM28: INVMAEUIK0219223 | AO28: 46297 | AP28: FINE | AQ28: (주) 화인통상 | AR28: 171차 FOOD CONTACT/분할신고완료/10-06분할잔량 수리 | AS28: 신한 | AW28: HANJIN | BC28: LF | BD28: F/C | BE28: MAEUIK0219223 | BF28: MRSU0374959 | BG28: C20DV | CW28: {=IFERROR(_xlfn.IFS(H28=TIME(7,0,0),"GY",H28=TIME(7,30,0),"GY",H28=TIME(9,0,0),"GY",H28=TIME(15,0,0),"GY",H28=TIME(8,30,0),"GY",H28=TIME(5,30,0),"GY",H28=TIME(6,0,0),"GD",H28=TIME(6,30,0),"GD",H28=TIME(8,0,0),"GY",H28=TIME(6,15,0),"GD"),"")} -> GD
A29: DD | B29: MILK RUN NOR | C29: MAEUIK0218541 | D29: MRSU8891731 | E29: C40HC | F29: 19369SUPVAN00068365 | G29: 46307 | H29: 0.35416667 | I29: 46301 | K29: 46298 | L29: 373-STO-S10000031503 | M29: 400 | N29: 037TSOS10000679195 | O29: 350 | P29: ANLIU52 | Q29: 46246 | R29: 726 | S29: STO | T29: 130 | U29: 10.64271 | V29: 12.409665 | W29: 1146.74 | X29: 46293 | Y29: 46298 | AA29: 31825 | AB29: MAERSK A/S | AC29: CN6565368 | AD29: DUMMY BARGE | AE29: 1234 | AF29: CN | AG29: PRT | AH29: CNZPU | AI29: KR | AJ29: KRPUS | AK29: PRT | AM29: INVMAEUIK0218541 | AO29: 46301 | AQ29: 부산신항만(주)자유무역지역 | AR29: MILK RUN NOR | AT29: 46312 | AU29: 46346 | AW29: HANJIN | BC29: DD | BD29: MILK RUN NOR | BE29: MAEUIK0218541 | BF29: MRSU8891731 | BG29: C40HC | CW29: {=IFERROR(_xlfn.IFS(H29=TIME(7,0,0),"GY",H29=TIME(7,30,0),"GY",H29=TIME(9,0,0),"GY",H29=TIME(15,0,0),"GY",H29=TIME(8,30,0),"GY",H29=TIME(5,30,0),"GY",H29=TIME(6,0,0),"GD",H29=TIME(6,30,0),"GD",H29=TIME(8,0,0),"GY",H29=TIME(6,15,0),"GD"),"")} -> GY
A30: HF | C30: MAEUIK0221074 | D30: MIEU4007795 | E30: C40HC | F30: 258DT260828726987 | G30: 46307 | H30: 0.27083333 | I30: 46301 | K30: 46300 | L30: 373-STO-S10000031531 | M30: 400 | N30: 258DTS10000201496 | O30: 350 | Q30: 46262 | R30: 726 | S30: STO | T30: 6106 | U30: 50.572844 | V30: 54.43206636 | W30: 10984.606 | X30: 46288 | Y30: 46300 | AA30: 31825 | AB30: MAERSK A/S | AC30: CN7995161 | AD30: GSL ELEFTHERIA | AE30: 637N | AF30: CN | AG30: PRT | AH30: CNSHA | AI30: KR | AJ30: KRINC | AK30: PRT | AM30: INVMAEUIK0221074 | AO30: 46301 | AQ30: 한진인천컨테이너터미널(주) | AS30: 신한 | AT30: 46314 | AV30: 46316 | AW30: HANJIN | BC30: HF | BE30: MAEUIK0221074 | BF30: MIEU4007795 | BG30: C40HC | CW30: {=IFERROR(_xlfn.IFS(H30=TIME(7,0,0),"GY",H30=TIME(7,30,0),"GY",H30=TIME(9,0,0),"GY",H30=TIME(15,0,0),"GY",H30=TIME(8,30,0),"GY",H30=TIME(5,30,0),"GY",H30=TIME(6,0,0),"GD",H30=TIME(6,30,0),"GD",H30=TIME(8,0,0),"GY",H30=TIME(6,15,0),"GD"),"")} -> GD
A31: HF | C31: MAEUIK0221074 | D31: MIEU4007795 | E31: C40HC | F31: 277DT260828726988 | G31: 46307 | H31: 0.27083333 | I31: 46301 | K31: 46300 | L31: 373-STO-S10000031531 | M31: 400 | N31: 258DTS10000201496 | O31: 350 | Q31: 46262 | R31: 726 | S31: STO | T31: 2022 | U31: 5.032128 | V31: 5.433269 | W31: 747.58 | X31: 46288 | Y31: 46300 | AA31: 31825 | AB31: MAERSK A/S | AC31: CN7995161 | AD31: GSL ELEFTHERIA | AE31: 637N | AF31: CN | AG31: PRT | AH31: CNSHA | AI31: KR | AJ31: KRINC | AK31: PRT | AM31: INVMAEUIK0221074 | AO31: 46301 | AQ31: 한진인천컨테이너터미널(주) | AS31: 신한 | AT31: 46314 | AV31: 46316 | AW31: HANJIN | BC31: HF | BE31: MAEUIK0221074 | BF31: MIEU4007795 | BG31: C40HC | CW31: {=IFERROR(_xlfn.IFS(H31=TIME(7,0,0),"GY",H31=TIME(7,30,0),"GY",H31=TIME(9,0,0),"GY",H31=TIME(15,0,0),"GY",H31=TIME(8,30,0),"GY",H31=TIME(5,30,0),"GY",H31=TIME(6,0,0),"GD",H31=TIME(6,30,0),"GD",H31=TIME(8,0,0),"GY",H31=TIME(6,15,0),"GD"),"")} -> GD
A32: DD | B32: MILK RUN NOR | C32: MAEUIK0220583 | D32: MRSU6552180 | E32: C40HC | F32: 21072SUPECIS75715 | G32: 46306 | H32: 0.35416667 | I32: 46301 | K32: 46298 | L32: 373-STO-S10000031497 | M32: 400 | N32: 037TSOS10000690205 | O32: 300 | P32: LINLI65 | Q32: 46259 | R32: 726 | S32: STO | T32: 115 | U32: 5.441181 | V32: 5.792897 | W32: 2319.18 | X32: 46286 | Y32: 46298 | AA32: 31825 | AB32: MAERSK A/S | AC32: CN6555120 | AD32: MUNDRA EXPRESS | AE32: 637E | AF32: CN | AG32: PRT | AH32: CNNGB | AI32: KR | AJ32: KRPUS | AK32: PRT | AM32: INVMAEUIK0220583 | AO32: 46301 | AQ32: 부산신항만(주)자유무역지역 | AR32: MILK RUN NOR | AT32: 46312 | AU32: 46346 | AW32: HANJIN | BC32: DD | BD32: MILK RUN NOR | BE32: MAEUIK0220583 | BF32: MRSU6552180 | BG32: C40HC | CW32: {=IFERROR(_xlfn.IFS(H32=TIME(7,0,0),"GY",H32=TIME(7,30,0),"GY",H32=TIME(9,0,0),"GY",H32=TIME(15,0,0),"GY",H32=TIME(8,30,0),"GY",H32=TIME(5,30,0),"GY",H32=TIME(6,0,0),"GD",H32=TIME(6,30,0),"GD",H32=TIME(8,0,0),"GY",H32=TIME(6,15,0),"GD"),"")} -> GY
A33: DD | C33: MAEUIK0221100 | D33: UETU2059170 | E33: C20DV | F33: 17596SUPECIS42925 | G33: 46306 | H33: 0.26041667 | I33: 46297 | K33: 46297 | L33: 373-STO-S10000031466 | M33: 400 | N33: 041TSOS10000278373 | O33: 350 | P33: ELZHE | Q33: 46262 | R33: 726 | S33: STO | T33: 3076 | U33: 25.362248 | V33: 26.974425 | W33: 1470.41 | X33: 46290 | Y33: 46297 | AA33: 31825 | AB33: MAERSK A/S | AC33: ID1208780 | AD33: SKY PEACE | AE33: 635N | AF33: ID | AG33: PRT | AH33: IDJKT | AI33: KR | AJ33: KRPUS | AK33: PRT | AM33: INVMAEUIK0221100 | AO33: 46297 | AQ33: 부산신항만(주)자유무역지역 | AT33: 46311 | AU33: 46342 | AW33: HANJIN | BC33: DD | BE33: MAEUIK0221100 | BF33: UETU2059170 | BG33: C20DV | CW33: {=IFERROR(_xlfn.IFS(H33=TIME(7,0,0),"GY",H33=TIME(7,30,0),"GY",H33=TIME(9,0,0),"GY",H33=TIME(15,0,0),"GY",H33=TIME(8,30,0),"GY",H33=TIME(5,30,0),"GY",H33=TIME(6,0,0),"GD",H33=TIME(6,30,0),"GD",H33=TIME(8,0,0),"GY",H33=TIME(6,15,0),"GD"),"")} -> GD
A34: DD | B34: MILK RUN NOR | C34: OOLU2173640490 | D34: CSNU7283900 | E34: C40HC | F34: 23273SUP3644956 | G34: 46306 | H34: 0.35416667 | I34: 46301 | K34: 46300 | L34: 373-STO-S10000031498 | M34: 400 | N34: 030TSOS10000134256 | O34: 350 | P34: JEGAO9 | Q34: 46261 | R34: 726 | S34: STO | T34: 12 | U34: 2.030178 | V34: 2.119852 | W34: 279.606 | X34: 46276 | Y34: 46299 | AA34: 30105 | AB34: ORIENT OVERSEAS CONTAINER LINE LTD. | AC34: OOLLGT8733 | AD34: OOCL MALAYSIA | AE34: 073W | AF34: CN | AG34: PRT | AH34: CNTXG | AI34: KR | AJ34: KRPUS | AK34: PRT | AM34: INVOOLU2173640490 | AO34: 46301 | AQ34: 부산컨테이너터미널(주) | AR34: MILK RUN NOR | AT34: 46314 | AU34: 46346 | AW34: HANJIN | BC34: DD | BD34: MILK RUN NOR | BE34: OOLU2173640490 | BF34: CSNU7283900 | BG34: C40HC | CW34: {=IFERROR(_xlfn.IFS(H34=TIME(7,0,0),"GY",H34=TIME(7,30,0),"GY",H34=TIME(9,0,0),"GY",H34=TIME(15,0,0),"GY",H34=TIME(8,30,0),"GY",H34=TIME(5,30,0),"GY",H34=TIME(6,0,0),"GD",H34=TIME(6,30,0),"GD",H34=TIME(8,0,0),"GY",H34=TIME(6,15,0),"GD"),"")} -> GY
A35: DD | B35: MILK RUN NOR | C35: HLCUTS12609CESE3 | D35: HAMU4368269 | E35: C40HC | F35: 23273SUP3647962 | G35: 46305 | H35: 0.35416667 | I35: 46302 | K35: 46300 | L35: 373-STO-S10000031492 | M35: 400 | N35: 030TSOS10000136019 | O35: 400 | P35: JEGAO9 | Q35: 46274 | R35: 726 | S35: STO | T35: 42 | U35: 4.092924 | V35: 4.302985 | W35: 444.33 | X35: 46313 | Y35: 46301 | Z35: 46292 | AA35: 31363 | AB35: HAPAG LLOYD AG | AC35: HLK7232702 | AD35: MAERSK CAMDEN | AE35: 639E | AF35: CN | AG35: PRT | AH35: CNTXG | AI35: KR | AJ35: KRPUS | AK35: PRT | AM35: INVHLCUTS12609CESE3 | AO35: 46301 | AQ35: 부산신항만(주)자유무역지역 | AR35: MILK RUN NOR | AT35: 46314 | AU35: 46347 | AW35: HANJIN | BC35: DD | BD35: MILK RUN NOR | BE35: HLCUTS12609CESE3 | BF35: HAMU4368269 | BG35: C40HC | CW35: {=IFERROR(_xlfn.IFS(H35=TIME(7,0,0),"GY",H35=TIME(7,30,0),"GY",H35=TIME(9,0,0),"GY",H35=TIME(15,0,0),"GY",H35=TIME(8,30,0),"GY",H35=TIME(5,30,0),"GY",H35=TIME(6,0,0),"GD",H35=TIME(6,30,0),"GD",H35=TIME(8,0,0),"GY",H35=TIME(6,15,0),"GD"),"")} -> GY
A36: DD | B36: MILK RUN NOR | C36: OOLU2173978340 | D36: OOLU9923069 | E36: C40HC | F36: 23273SUP3646704 | G36: 46305 | H36: 0.35416667 | I36: 46301 | K36: 46300 | L36: 373-STO-S10000031493 | M36: 400 | N36: 030TSOS10000135318 | O36: 350 | P36: JEGAO9 | Q36: 46269 | R36: 726 | S36: STO | T36: 12 | U36: 2.13408 | V36: 2.227652 | W36: 217.98 | X36: 46301 | Y36: 46299 | AA36: 30105 | AB36: ORIENT OVERSEAS CONTAINER LINE LTD. | AC36: OOLLGT8613 | AD36: OOCL MALAYSIA | AE36: 073W | AF36: CN | AG36: PRT | AH36: CNTXG | AI36: KR | AJ36: KRPUS | AK36: PRT | AM36: INVOOLU2173978340 | AO36: 46301 | AQ36: 부산컨테이너터미널(주) | AR36: MILK RUN NOR | AT36: 46314 | AU36: 46346 | AW36: HANJIN | BC36: DD | BD36: MILK RUN NOR | BE36: OOLU2173978340 | BF36: OOLU9923069 | BG36: C40HC | CW36: {=IFERROR(_xlfn.IFS(H36=TIME(7,0,0),"GY",H36=TIME(7,30,0),"GY",H36=TIME(9,0,0),"GY",H36=TIME(15,0,0),"GY",H36=TIME(8,30,0),"GY",H36=TIME(5,30,0),"GY",H36=TIME(6,0,0),"GD",H36=TIME(6,30,0),"GD",H36=TIME(8,0,0),"GY",H36=TIME(6,15,0),"GD"),"")} -> GY
A37: DD | C37: MAEUIK0219274 | D37: MRKU9138463 | E37: C20DV | F37: 17596SUPECIS42821 | G37: 46305 | H37: 0.26041667 | I37: 46297 | K37: 46297 | L37: 373-STO-S10000031465 | M37: 400 | N37: 041TSOS10000275113 | O37: 300 | Q37: 46251 | R37: 726 | S37: STO | T37: 10276 | U37: 25.274728 | V37: 26.85891 | W37: 1417.92 | X37: 46290 | Y37: 46297 | AA37: 31825 | AB37: MAERSK A/S | AC37: ID1204857 | AD37: SKY PEACE | AE37: 635N | AF37: ID | AG37: PRT | AH37: IDJKT | AI37: KR | AJ37: KRPUS | AK37: PRT | AM37: INVMAEUIK0219274 | AO37: 46297 | AQ37: 부산신항만(주)자유무역지역 | AT37: 46311 | AU37: 46342 | AW37: HANJIN | BC37: DD | BE37: MAEUIK0219274 | BF37: MRKU9138463 | BG37: C20DV | CW37: {=IFERROR(_xlfn.IFS(H37=TIME(7,0,0),"GY",H37=TIME(7,30,0),"GY",H37=TIME(9,0,0),"GY",H37=TIME(15,0,0),"GY",H37=TIME(8,30,0),"GY",H37=TIME(5,30,0),"GY",H37=TIME(6,0,0),"GD",H37=TIME(6,30,0),"GD",H37=TIME(8,0,0),"GY",H37=TIME(6,15,0),"GD"),"")} -> GD
A38: DD | B38: MILK RUN NOR | C38: MAEUIK0221175 | D38: MRSU9544784 | E38: C40HC | F38: 21072SUPECIS75824 | G38: 46304 | H38: 0.35416667 | I38: 46301 | K38: 46298 | L38: 373-STO-S10000031446 | M38: 400 | N38: 037TSOS10000692821 | O38: 300 | P38: LINLI65 | Q38: 46262 | R38: 726 | S38: STO | T38: 282 | U38: 7.554486 | V38: 8.050364 | W38: 3097.99 | X38: 46286 | Y38: 46298 | AA38: 31825 | AB38: MAERSK A/S | AC38: CN6570450 | AD38: MUNDRA EXPRESS | AE38: 637E | AF38: CN | AG38: PRT | AH38: CNNGB | AI38: KR | AJ38: KRPUS | AK38: PRT | AM38: INVMAEUIK0221175 | AO38: 46301 | AQ38: 부산신항만(주)자유무역지역 | AR38: MILK RUN NOR | AT38: 46312 | AU38: 46346 | AW38: HANJIN | BC38: DD | BD38: MILK RUN NOR | BE38: MAEUIK0221175 | BF38: MRSU9544784 | BG38: C40HC | CW38: {=IFERROR(_xlfn.IFS(H38=TIME(7,0,0),"GY",H38=TIME(7,30,0),"GY",H38=TIME(9,0,0),"GY",H38=TIME(15,0,0),"GY",H38=TIME(8,30,0),"GY",H38=TIME(5,30,0),"GY",H38=TIME(6,0,0),"GD",H38=TIME(6,30,0),"GD",H38=TIME(8,0,0),"GY",H38=TIME(6,15,0),"GD"),"")} -> GY
A39: HF | B39: F/C | C39: MAEUIK0219823 | D39: TCKU7855708 | E39: C40HC | F39: 258DT260820726495 | G39: 46304 | H39: 0.26041667 | I39: 46296 | K39: 46275 | L39: 373-STO-S10000031430 | M39: 400 | N39: 258DTS10000200289 | O39: 350 | Q39: 46254 | R39: 726 | S39: STO | T39: 8563 | U39: 21.731729 | V39: 23.46848301 | W39: 3714.406 | X39: 46268 | Y39: 46266 | AA39: 31825 | AB39: MAERSK A/S | AC39: CN7971754 | AD39: MERATUS JIMBARAN | AE39: 634N | AF39: CN | AG39: PRT | AH39: CNSHA | AI39: KR | AJ39: KRINC | AK39: PRT | AM39: INVMAEUIK0219823 | AO39: 46296 | AP39: FINE | AQ39: (주) 화인통상 | AR39: 161차 FOOD CONTACT/10-01전량통관완료 | AS39: 신한 | AW39: HANJIN | BC39: HF | BD39: F/C | BE39: MAEUIK0219823 | BF39: TCKU7855708 | BG39: C40HC | CW39: {=IFERROR(_xlfn.IFS(H39=TIME(7,0,0),"GY",H39=TIME(7,30,0),"GY",H39=TIME(9,0,0),"GY",H39=TIME(15,0,0),"GY",H39=TIME(8,30,0),"GY",H39=TIME(5,30,0),"GY",H39=TIME(6,0,0),"GD",H39=TIME(6,30,0),"GD",H39=TIME(8,0,0),"GY",H39=TIME(6,15,0),"GD"),"")} -> GD
A40: HF | B40: F/C | C40: MAEUIK0219823 | D40: TCKU7855708 | E40: C40HC | F40: 277DT260820726496 | G40: 46304 | H40: 0.26041667 | I40: 46296 | K40: 46275 | L40: 373-STO-S10000031430 | M40: 400 | N40: 258DTS10000200289 | O40: 350 | Q40: 46254 | R40: 726 | S40: STO | T40: 29965 | U40: 33.504735 | V40: 36.258891 | W40: 9167.487 | X40: 46268 | Y40: 46266 | AA40: 31825 | AB40: MAERSK A/S | AC40: CN7971754 | AD40: MERATUS JIMBARAN | AE40: 634N | AF40: CN | AG40: PRT | AH40: CNSHA | AI40: KR | AJ40: KRINC | AK40: PRT | AM40: INVMAEUIK0219823 | AO40: 46296 | AP40: FINE | AQ40: (주) 화인통상 | AR40: 161차 FOOD CONTACT/10-01전량통관완료 | AS40: 신한 | AW40: HANJIN | BC40: HF | BD40: F/C | BE40: MAEUIK0219823 | BF40: TCKU7855708 | BG40: C40HC | CW40: {=IFERROR(_xlfn.IFS(H40=TIME(7,0,0),"GY",H40=TIME(7,30,0),"GY",H40=TIME(9,0,0),"GY",H40=TIME(15,0,0),"GY",H40=TIME(8,30,0),"GY",H40=TIME(5,30,0),"GY",H40=TIME(6,0,0),"GD",H40=TIME(6,30,0),"GD",H40=TIME(8,0,0),"GY",H40=TIME(6,15,0),"GD"),"")} -> GD
A41: LF | B41: F/C PLANT | C41: MAEUIK0217106 | D41: MRSU1278991 | E41: C20DV | F41: 294DT260803726022 | G41: 46303 | H41: 0.27083333 | I41: 46296 | K41: 46275 | L41: 373-STO-S10000031429 | M41: 400 | N41: 258DTS10000197548 | O41: 350 | P41: LARXU | Q41: 46237 | R41: 726 | S41: STO | T41: 14862 | U41: 11.530792 | V41: 12.46323696 | W41: 2896.429 | X41: 46268 | Y41: 46266 | AA41: 31825 | AB41: MAERSK A/S | AC41: CN7969022 | AD41: MERATUS JIMBARAN | AE41: 634N | AF41: CN | AG41: PRT | AH41: CNSHA | AI41: KR | AJ41: KRINC | AK41: PRT | AM41: INVMAEUIK0217106 | AO41: 46296 | AP41: FINE | AQ41: (주) 화인통상 | AR41: 164차 FOOD CONTACT/10-01분할수리/10-06분할잔량수리 | AS41: 신한 | AW41: HANJIN | BC41: LF | BD41: F/C PLANT | BE41: MAEUIK0217106 | BF41: MRSU1278991 | BG41: C20DV | CW41: {=IFERROR(_xlfn.IFS(H41=TIME(7,0,0),"GY",H41=TIME(7,30,0),"GY",H41=TIME(9,0,0),"GY",H41=TIME(15,0,0),"GY",H41=TIME(8,30,0),"GY",H41=TIME(5,30,0),"GY",H41=TIME(6,0,0),"GD",H41=TIME(6,30,0),"GD",H41=TIME(8,0,0),"GY",H41=TIME(6,15,0),"GD"),"")} -> GD
A42: LF | B42: F/C PLANT | C42: MAEUIK0217106 | D42: MRSU1278991 | E42: C20DV | F42: 319DT260803726023 | G42: 46303 | H42: 0.27083333 | I42: 46296 | K42: 46275 | L42: 373-STO-S10000031429 | M42: 400 | N42: 258DTS10000197548 | O42: 350 | P42: LARXU | Q42: 46237 | R42: 726 | S42: STO | T42: 6739 | U42: 9.354069 | V42: 10.10751533 | W42: 1698.53 | X42: 46268 | Y42: 46266 | AA42: 31825 | AB42: MAERSK A/S | AC42: CN7969022 | AD42: MERATUS JIMBARAN | AE42: 634N | AF42: CN | AG42: PRT | AH42: CNSHA | AI42: KR | AJ42: KRINC | AK42: PRT | AM42: INVMAEUIK0217106 | AO42: 46296 | AP42: FINE | AQ42: (주) 화인통상 | AR42: 164차 FOOD CONTACT/10-01분할수리/10-06분할잔량수리 | AS42: 신한 | AW42: HANJIN | BC42: LF | BD42: F/C PLANT | BE42: MAEUIK0217106 | BF42: MRSU1278991 | BG42: C20DV | CW42: {=IFERROR(_xlfn.IFS(H42=TIME(7,0,0),"GY",H42=TIME(7,30,0),"GY",H42=TIME(9,0,0),"GY",H42=TIME(15,0,0),"GY",H42=TIME(8,30,0),"GY",H42=TIME(5,30,0),"GY",H42=TIME(6,0,0),"GD",H42=TIME(6,30,0),"GD",H42=TIME(8,0,0),"GY",H42=TIME(6,15,0),"GD"),"")} -> GD
A43: LF | B43: F/C PLANT | C43: MAEUIK0217106 | D43: MRSU1278991 | E43: C20DV | F43: 319DT260803726025 | G43: 46303 | H43: 0.27083333 | I43: 46296 | K43: 46275 | L43: 373-STO-S10000031429 | M43: 400 | N43: 258DTS10000197548 | O43: 350 | P43: LARXU | Q43: 46237 | R43: 726 | S43: STO | T43: 226 | U43: 0.378726 | V43: 0.41460268 | W43: 14.952 | X43: 46268 | Y43: 46266 | AA43: 31825 | AB43: MAERSK A/S | AC43: CN7969022 | AD43: MERATUS JIMBARAN | AE43: 634N | AF43: CN | AG43: PRT | AH43: CNSHA | AI43: KR | AJ43: KRINC | AK43: PRT | AM43: INVMAEUIK0217106 | AO43: 46296 | AP43: FINE | AQ43: (주) 화인통상 | AR43: 164차 FOOD CONTACT/10-01분할수리/10-06분할잔량수리 | AS43: 신한 | AW43: HANJIN | BC43: LF | BD43: F/C PLANT | BE43: MAEUIK0217106 | BF43: MRSU1278991 | BG43: C20DV | CW43: {=IFERROR(_xlfn.IFS(H43=TIME(7,0,0),"GY",H43=TIME(7,30,0),"GY",H43=TIME(9,0,0),"GY",H43=TIME(15,0,0),"GY",H43=TIME(8,30,0),"GY",H43=TIME(5,30,0),"GY",H43=TIME(6,0,0),"GD",H43=TIME(6,30,0),"GD",H43=TIME(8,0,0),"GY",H43=TIME(6,15,0),"GD"),"")} -> GD
A44: LF | B44: F/C | C44: MAEUIK0217716 | D44: GCXU2525290 | E44: C20DV | F44: 294DT260806726469 | G44: 46302 | H44: 0.27083333 | I44: 46296 | K44: 46275 | L44: 373-STO-S10000031428 | M44: 400 | N44: 258DTS10000198131 | O44: 350 | P44: LARXU | Q44: 46240 | R44: 726 | S44: STO | T44: 9637 | U44: 9.548765 | V44: 10.35479581 | W44: 2213.273 | X44: 46268 | Y44: 46266 | AA44: 31825 | AB44: MAERSK A/S | AC44: CN8037308 | AD44: MERATUS JIMBARAN | AE44: 634N | AF44: CN | AG44: PRT | AH44: CNSHA | AI44: KR | AJ44: KRINC | AK44: PRT | AM44: INVMAEUIK0217716 | AO44: 46296 | AP44: FINE | AQ44: (주) 화인통상 | AR44: 166차 FOOD CONTACT/10-01분할수리/10-12분할잔량수리 | AS44: 신한 | AW44: HANJIN | BC44: LF | BD44: F/C | BE44: MAEUIK0217716 | BF44: GCXU2525290 | BG44: C20DV | CW44: {=IFERROR(_xlfn.IFS(H44=TIME(7,0,0),"GY",H44=TIME(7,30,0),"GY",H44=TIME(9,0,0),"GY",H44=TIME(15,0,0),"GY",H44=TIME(8,30,0),"GY",H44=TIME(5,30,0),"GY",H44=TIME(6,0,0),"GD",H44=TIME(6,30,0),"GD",H44=TIME(8,0,0),"GY",H44=TIME(6,15,0),"GD"),"")} -> GD
A45: LF | B45: F/C | C45: MAEUIK0217716 | D45: GCXU2525290 | E45: C20DV | F45: 319DT260806726470 | G45: 46302 | H45: 0.27083333 | I45: 46296 | K45: 46275 | L45: 373-STO-S10000031428 | M45: 400 | N45: 258DTS10000198131 | O45: 350 | P45: LARXU | Q45: 46240 | R45: 726 | S45: STO | T45: 9242 | U45: 11.600902 | V45: 12.62153741 | W45: 2936.182 | X45: 46268 | Y45: 46266 | AA45: 31825 | AB45: MAERSK A/S | AC45: CN8037308 | AD45: MERATUS JIMBARAN | AE45: 634N | AF45: CN | AG45: PRT | AH45: CNSHA | AI45: KR | AJ45: KRINC | AK45: PRT | AM45: INVMAEUIK0217716 | AO45: 46296 | AP45: FINE | AQ45: (주) 화인통상 | AR45: 166차 FOOD CONTACT/10-01분할수리/10-12분할잔량수리 | AS45: 신한 | AW45: HANJIN | BC45: LF | BD45: F/C | BE45: MAEUIK0217716 | BF45: GCXU2525290 | BG45: C20DV | CW45: {=IFERROR(_xlfn.IFS(H45=TIME(7,0,0),"GY",H45=TIME(7,30,0),"GY",H45=TIME(9,0,0),"GY",H45=TIME(15,0,0),"GY",H45=TIME(8,30,0),"GY",H45=TIME(5,30,0),"GY",H45=TIME(6,0,0),"GD",H45=TIME(6,30,0),"GD",H45=TIME(8,0,0),"GY",H45=TIME(6,15,0),"GD"),"")} -> GD
A46: DD | B46: MILK RUN NOR | C46: MAEUIK0219927 | D46: MIEU3578320 | E46: C40HC | F46: 21072SUPECIS75584 | G46: 46301 | H46: 0.22916667 | I46: 46294 | K46: 46294 | L46: 373-STO-S10000031399 | M46: 400 | N46: 037TSOS10000686487 | O46: 300 | P46: LINLI65 | Q46: 46254 | R46: 726 | S46: STO | T46: 311 | U46: 11.877999 | V46: 12.631727 | W46: 4675.36 | X46: 46279 | Y46: 46294 | AA46: 31825 | AB46: MAERSK A/S | AC46: CN6559043 | AD46: SEASPAN YANGTZE | AE46: 636E | AF46: CN | AG46: PRT | AH46: CNNGB | AI46: KR | AJ46: KRPUS | AK46: PRT | AM46: INVMAEUIK0219927 | AO46: 46294 | AQ46: 부산신항만(주)자유무역지역 | AR46: MILK RUN NOR | AT46: 46308 | AU46: 46339 | AW46: HANJIN | BC46: DD | BD46: MILK RUN NOR | BE46: MAEUIK0219927 | BF46: MIEU3578320 | BG46: C40HC | CW46: {=IFERROR(_xlfn.IFS(H46=TIME(7,0,0),"GY",H46=TIME(7,30,0),"GY",H46=TIME(9,0,0),"GY",H46=TIME(15,0,0),"GY",H46=TIME(8,30,0),"GY",H46=TIME(5,30,0),"GY",H46=TIME(6,0,0),"GD",H46=TIME(6,30,0),"GD",H46=TIME(8,0,0),"GY",H46=TIME(6,15,0),"GD"),"")} -> GY
A47: DD | B47: MILK RUN NOR | C47: MAEUIK0217531 | D47: MRKU5077884 | E47: C40HC | F47: 19369SUPVAN00068163 | G47: 46300 | H47: 0.35416667 | I47: 46294 | K47: 46294 | L47: 373-STO-S10000031396 | M47: 400 | N47: 037TSOS10000674260 | O47: 400 | P47: ANLIU52 | Q47: 46239 | R47: 726 | S47: STO | T47: 55 | U47: 5.337426 | V47: 5.991607 | W47: 457.05 | X47: 46286 | Y47: 46294 | Z47: 46257 | AA47: 31825 | AB47: MAERSK A/S | AC47: CN6300269 | AD47: NING YUAN TOU MEN | AE47: 069S | AF47: CN | AG47: PRT | AH47: CNZPU | AI47: KR | AJ47: KRPUS | AK47: PRT | AM47: INVMAEUIK0217531 | AO47: 46294 | AQ47: 부산신항만(주)자유무역지역 | AR47: MILK RUN NOR | AT47: 46308 | AU47: 46339 | AW47: HANJIN | BC47: DD | BD47: MILK RUN NOR | BE47: MAEUIK0217531 | BF47: MRKU5077884 | BG47: C40HC | CW47: {=IFERROR(_xlfn.IFS(H47=TIME(7,0,0),"GY",H47=TIME(7,30,0),"GY",H47=TIME(9,0,0),"GY",H47=TIME(15,0,0),"GY",H47=TIME(8,30,0),"GY",H47=TIME(5,30,0),"GY",H47=TIME(6,0,0),"GD",H47=TIME(6,30,0),"GD",H47=TIME(8,0,0),"GY",H47=TIME(6,15,0),"GD"),"")} -> GY
A48: DD | B48: MILK RUN NOR | C48: PLISH7H46431 | D48: PKEU2505537 | E48: C40HC | F48: 21985SUPECIS42518 | G48: 46299 | H48: 0.35416667 | I48: 46294 | K48: 46293 | L48: 373-STO-S10000031367 | M48: 440 | N48: 037TSOS10000686932 | O48: 400 | P48: JUWAN78 | Q48: 46255 | R48: 726 | S48: STO | T48: 106 | U48: 3.058804 | V48: 3.359778 | W48: 649 | X48: 46317 | Y48: 46291 | Z48: 46279 | AA48: 33300 | AB48: LX PANTOS CO., LTD. | AC48: 25H0417055 | AD48: HMM NURI | AE48: 0021E | AF48: CN | AG48: PRT | AH48: CNYAN | AI48: KR | AJ48: KRPUS | AK48: PRT | AM48: INVPLISH7H46431 | AO48: 46293 | AQ48: 에이치엠엠피에스에이신항만(주) | AR48: MILK RUN NOR | AT48: 46307 | AU48: 46339 | AW48: HANJIN | BC48: DD | BD48: MILK RUN NOR | BE48: PLISH7H46431 | BF48: PKEU2505537 | BG48: C40HC | CW48: {=IFERROR(_xlfn.IFS(H48=TIME(7,0,0),"GY",H48=TIME(7,30,0),"GY",H48=TIME(9,0,0),"GY",H48=TIME(15,0,0),"GY",H48=TIME(8,30,0),"GY",H48=TIME(5,30,0),"GY",H48=TIME(6,0,0),"GD",H48=TIME(6,30,0),"GD",H48=TIME(8,0,0),"GY",H48=TIME(6,15,0),"GD"),"")} -> GY
A49: DD | B49: MILK RUN NOR | C49: PLISH7H46431 | D49: PKEU2505537 | E49: C40HC | F49: 21985SUPECIS42610 | G49: 46299 | H49: 0.35416667 | I49: 46294 | K49: 46293 | L49: 373-STO-S10000031367 | M49: 440 | N49: 037TSOS10000686932 | O49: 400 | P49: JUWAN78 | Q49: 46255 | R49: 726 | S49: STO | T49: 28 | U49: 0.752528 | V49: 0.795454 | W49: 115.6 | X49: 46303 | Y49: 46291 | Z49: 46279 | AA49: 33300 | AB49: LX PANTOS CO., LTD. | AC49: 25H0417055 | AD49: HMM NURI | AE49: 0021E | AF49: CN | AG49: PRT | AH49: CNYAN | AI49: KR | AJ49: KRPUS | AK49: PRT | AM49: INVPLISH7H46431 | AO49: 46293 | AQ49: 에이치엠엠피에스에이신항만(주) | AR49: MILK RUN NOR | AT49: 46307 | AU49: 46339 | AW49: HANJIN | BC49: DD | BD49: MILK RUN NOR | BE49: PLISH7H46431 | BF49: PKEU2505537 | BG49: C40HC | CW49: {=IFERROR(_xlfn.IFS(H49=TIME(7,0,0),"GY",H49=TIME(7,30,0),"GY",H49=TIME(9,0,0),"GY",H49=TIME(15,0,0),"GY",H49=TIME(8,30,0),"GY",H49=TIME(5,30,0),"GY",H49=TIME(6,0,0),"GD",H49=TIME(6,30,0),"GD",H49=TIME(8,0,0),"GY",H49=TIME(6,15,0),"GD"),"")} -> GY
A50: DD | B50: MILK RUN NOR | C50: PLISH7H46431 | D50: PKEU2505537 | E50: C40HC | F50: 22075SUP2600117510 | G50: 46299 | H50: 0.35416667 | I50: 46294 | K50: 46293 | L50: 373-STO-S10000031367 | M50: 440 | N50: 037TSOS10000686932 | O50: 400 | P50: JUWAN78 | Q50: 46255 | R50: 726 | S50: STO | T50: 110 | U50: 8.95575 | V50: 9.58865 | W50: 2671.414 | X50: 46303 | Y50: 46291 | Z50: 46279 | AA50: 33300 | AB50: LX PANTOS CO., LTD. | AC50: 25H0417055 | AD50: HMM NURI | AE50: 0021E | AF50: CN | AG50: PRT | AH50: CNYAN | AI50: KR | AJ50: KRPUS | AK50: PRT | AM50: INVPLISH7H46431 | AO50: 46293 | AQ50: 에이치엠엠피에스에이신항만(주) | AR50: MILK RUN NOR | AT50: 46307 | AU50: 46339 | AW50: HANJIN | BC50: DD | BD50: MILK RUN NOR | BE50: PLISH7H46431 | BF50: PKEU2505537 | BG50: C40HC | CW50: {=IFERROR(_xlfn.IFS(H50=TIME(7,0,0),"GY",H50=TIME(7,30,0),"GY",H50=TIME(9,0,0),"GY",H50=TIME(15,0,0),"GY",H50=TIME(8,30,0),"GY",H50=TIME(5,30,0),"GY",H50=TIME(6,0,0),"GD",H50=TIME(6,30,0),"GD",H50=TIME(8,0,0),"GY",H50=TIME(6,15,0),"GD"),"")} -> GY
A51: DD | B51: MILK RUN NOR | C51: PLISH7H46431 | D51: PKEU2505537 | E51: C40HC | F51: 22075SUP2600117628 | G51: 46299 | H51: 0.35416667 | I51: 46294 | K51: 46293 | L51: 373-STO-S10000031367 | M51: 440 | N51: 037TSOS10000686932 | O51: 400 | P51: JUWAN78 | Q51: 46255 | R51: 726 | S51: STO | T51: 44 | U51: 4.103532 | V51: 4.394079 | W51: 1131.482 | X51: 46303 | Y51: 46291 | Z51: 46279 | AA51: 33300 | AB51: LX PANTOS CO., LTD. | AC51: 25H0417055 | AD51: HMM NURI | AE51: 0021E | AF51: CN | AG51: PRT | AH51: CNYAN | AI51: KR | AJ51: KRPUS | AK51: PRT | AM51: INVPLISH7H46431 | AO51: 46293 | AQ51: 에이치엠엠피에스에이신항만(주) | AR51: MILK RUN NOR | AT51: 46307 | AU51: 46339 | AW51: HANJIN | BC51: DD | BD51: MILK RUN NOR | BE51: PLISH7H46431 | BF51: PKEU2505537 | BG51: C40HC | CW51: {=IFERROR(_xlfn.IFS(H51=TIME(7,0,0),"GY",H51=TIME(7,30,0),"GY",H51=TIME(9,0,0),"GY",H51=TIME(15,0,0),"GY",H51=TIME(8,30,0),"GY",H51=TIME(5,30,0),"GY",H51=TIME(6,0,0),"GD",H51=TIME(6,30,0),"GD",H51=TIME(8,0,0),"GY",H51=TIME(6,15,0),"GD"),"")} -> GY
A52: DD | B52: MILK RUN NOR | C52: PLISH7H46431 | D52: PKEU2505537 | E52: C40HC | F52: 22075SUP2600117951 | G52: 46299 | H52: 0.35416667 | I52: 46294 | K52: 46293 | L52: 373-STO-S10000031367 | M52: 440 | N52: 037TSOS10000686932 | O52: 400 | P52: JUWAN78 | Q52: 46255 | R52: 726 | S52: STO | T52: 54 | U52: 4.543746 | V52: 4.876912 | W52: 1280.112 | X52: 46303 | Y52: 46291 | Z52: 46279 | AA52: 33300 | AB52: LX PANTOS CO., LTD. | AC52: 25H0417055 | AD52: HMM NURI | AE52: 0021E | AF52: CN | AG52: PRT | AH52: CNYAN | AI52: KR | AJ52: KRPUS | AK52: PRT | AM52: INVPLISH7H46431 | AO52: 46293 | AQ52: 에이치엠엠피에스에이신항만(주) | AR52: MILK RUN NOR | AT52: 46307 | AU52: 46339 | AW52: HANJIN | BC52: DD | BD52: MILK RUN NOR | BE52: PLISH7H46431 | BF52: PKEU2505537 | BG52: C40HC | CW52: {=IFERROR(_xlfn.IFS(H52=TIME(7,0,0),"GY",H52=TIME(7,30,0),"GY",H52=TIME(9,0,0),"GY",H52=TIME(15,0,0),"GY",H52=TIME(8,30,0),"GY",H52=TIME(5,30,0),"GY",H52=TIME(6,0,0),"GD",H52=TIME(6,30,0),"GD",H52=TIME(8,0,0),"GY",H52=TIME(6,15,0),"GD"),"")} -> GY
A53: DD | B53: MILK RUN NOR | C53: PLISH7H46431 | D53: PKEU2505537 | E53: C40HC | F53: 22075SUP2600118258 | G53: 46299 | H53: 0.35416667 | I53: 46294 | K53: 46293 | L53: 373-STO-S10000031367 | M53: 440 | N53: 037TSOS10000686932 | O53: 400 | P53: JUWAN78 | Q53: 46255 | R53: 726 | S53: STO | T53: 64 | U53: 5.563816 | V53: 5.96914 | W53: 1576.348 | X53: 46303 | Y53: 46291 | Z53: 46279 | AA53: 33300 | AB53: LX PANTOS CO., LTD. | AC53: 25H0417055 | AD53: HMM NURI | AE53: 0021E | AF53: CN | AG53: PRT | AH53: CNYAN | AI53: KR | AJ53: KRPUS | AK53: PRT | AM53: INVPLISH7H46431 | AO53: 46293 | AQ53: 에이치엠엠피에스에이신항만(주) | AR53: MILK RUN NOR | AT53: 46307 | AU53: 46339 | AW53: HANJIN | BC53: DD | BD53: MILK RUN NOR | BE53: PLISH7H46431 | BF53: PKEU2505537 | BG53: C40HC | CW53: {=IFERROR(_xlfn.IFS(H53=TIME(7,0,0),"GY",H53=TIME(7,30,0),"GY",H53=TIME(9,0,0),"GY",H53=TIME(15,0,0),"GY",H53=TIME(8,30,0),"GY",H53=TIME(5,30,0),"GY",H53=TIME(6,0,0),"GD",H53=TIME(6,30,0),"GD",H53=TIME(8,0,0),"GY",H53=TIME(6,15,0),"GD"),"")} -> GY
A54: DD | B54: MILK RUN NOR | C54: PLISH7H46431 | D54: PKEU2505537 | E54: C40HC | F54: 22121SUPUE067521 | G54: 46299 | H54: 0.35416667 | I54: 46294 | K54: 46293 | L54: 373-STO-S10000031367 | M54: 440 | N54: 037TSOS10000686932 | O54: 400 | P54: JUWAN78 | Q54: 46255 | R54: 726 | S54: STO | T54: 114 | U54: 12.035036 | V54: 13.062518 | W54: 1137.42 | X54: 46303 | Y54: 46291 | Z54: 46279 | AA54: 33300 | AB54: LX PANTOS CO., LTD. | AC54: 25H0417055 | AD54: HMM NURI | AE54: 0021E | AF54: CN | AG54: PRT | AH54: CNYAN | AI54: KR | AJ54: KRPUS | AK54: PRT | AM54: INVPLISH7H46431 | AO54: 46293 | AQ54: 에이치엠엠피에스에이신항만(주) | AR54: MILK RUN NOR | AT54: 46307 | AU54: 46339 | AW54: HANJIN | BC54: DD | BD54: MILK RUN NOR | BE54: PLISH7H46431 | BF54: PKEU2505537 | BG54: C40HC | CW54: {=IFERROR(_xlfn.IFS(H54=TIME(7,0,0),"GY",H54=TIME(7,30,0),"GY",H54=TIME(9,0,0),"GY",H54=TIME(15,0,0),"GY",H54=TIME(8,30,0),"GY",H54=TIME(5,30,0),"GY",H54=TIME(6,0,0),"GD",H54=TIME(6,30,0),"GD",H54=TIME(8,0,0),"GY",H54=TIME(6,15,0),"GD"),"")} -> GY
A55: DD | B55: MILK RUN NOR | C55: PLISH7H46431 | D55: PKEU2505537 | E55: C40HC | F55: 22121SUPUE067837 | G55: 46299 | H55: 0.35416667 | I55: 46294 | K55: 46293 | L55: 373-STO-S10000031367 | M55: 440 | N55: 037TSOS10000686932 | O55: 400 | P55: JUWAN78 | Q55: 46255 | R55: 726 | S55: STO | T55: 66 | U55: 9.067368 | V55: 9.857557 | W55: 737.01 | X55: 46303 | Y55: 46291 | Z55: 46279 | AA55: 33300 | AB55: LX PANTOS CO., LTD. | AC55: 25H0417055 | AD55: HMM NURI | AE55: 0021E | AF55: CN | AG55: PRT | AH55: CNYAN | AI55: KR | AJ55: KRPUS | AK55: PRT | AM55: INVPLISH7H46431 | AO55: 46293 | AQ55: 에이치엠엠피에스에이신항만(주) | AR55: MILK RUN NOR | AT55: 46307 | AU55: 46339 | AW55: HANJIN | BC55: DD | BD55: MILK RUN NOR | BE55: PLISH7H46431 | BF55: PKEU2505537 | BG55: C40HC | CW55: {=IFERROR(_xlfn.IFS(H55=TIME(7,0,0),"GY",H55=TIME(7,30,0),"GY",H55=TIME(9,0,0),"GY",H55=TIME(15,0,0),"GY",H55=TIME(8,30,0),"GY",H55=TIME(5,30,0),"GY",H55=TIME(6,0,0),"GD",H55=TIME(6,30,0),"GD",H55=TIME(8,0,0),"GY",H55=TIME(6,15,0),"GD"),"")} -> GY
A56: DD | B56: MILK RUN NOR | C56: PLISH7H47909 | D56: SKHU6613322 | E56: C40HC | F56: 21985SUPECIS42884 | G56: 46298 | H56: 0.35416667 | I56: 46294 | K56: 46293 | L56: 373-STO-S10000031366 | M56: 420 | N56: 037TSOS10000699980 | O56: 300 | P56: JUWAN78 | Q56: 46273 | R56: 726 | S56: STO | T56: 116 | U56: 1.784768 | V56: 1.912174 | W56: 415.6 | X56: 46291 | Y56: 46289 | AA56: 33300 | AB56: LX PANTOS CO., LTD. | AC56: HAL04594 | AD56: LAEM CHABANG VOYAGER | AE56: 2606N | AF56: CN | AG56: PRT | AH56: CNSHA | AI56: KR | AJ56: KRPUS | AK56: PRT | AM56: INVPLISH7H47909 | AO56: 46293 | AQ56: 신선대감만터미널(주) 신선대CY | AT56: 46304 | AU56: 46369 | AW56: HANJIN | BC56: DD | BD56: MILK RUN NOR | BE56: PLISH7H47909 | BF56: SKHU6613322 | BG56: C40HC | CW56: {=IFERROR(_xlfn.IFS(H56=TIME(7,0,0),"GY",H56=TIME(7,30,0),"GY",H56=TIME(9,0,0),"GY",H56=TIME(15,0,0),"GY",H56=TIME(8,30,0),"GY",H56=TIME(5,30,0),"GY",H56=TIME(6,0,0),"GD",H56=TIME(6,30,0),"GD",H56=TIME(8,0,0),"GY",H56=TIME(6,15,0),"GD"),"")} -> GY
A57: DD | B57: MILK RUN NOR | C57: PLISH7H47909 | D57: SKHU6613322 | E57: C40HC | F57: 22075SUP2600118559 | G57: 46298 | H57: 0.35416667 | I57: 46294 | K57: 46293 | L57: 373-STO-S10000031366 | M57: 420 | N57: 037TSOS10000699980 | O57: 300 | P57: JUWAN78 | Q57: 46273 | R57: 726 | S57: STO | T57: 94 | U57: 6.938862 | V57: 7.429361 | W57: 2025.29 | X57: 46311 | Y57: 46289 | AA57: 33300 | AB57: LX PANTOS CO., LTD. | AC57: HAL04594 | AD57: LAEM CHABANG VOYAGER | AE57: 2606N | AF57: CN | AG57: PRT | AH57: CNSHA | AI57: KR | AJ57: KRPUS | AK57: PRT | AM57: INVPLISH7H47909 | AO57: 46293 | AQ57: 신선대감만터미널(주) 신선대CY | AT57: 46304 | AU57: 46369 | AW57: HANJIN | BC57: DD | BD57: MILK RUN NOR | BE57: PLISH7H47909 | BF57: SKHU6613322 | BG57: C40HC | CW57: {=IFERROR(_xlfn.IFS(H57=TIME(7,0,0),"GY",H57=TIME(7,30,0),"GY",H57=TIME(9,0,0),"GY",H57=TIME(15,0,0),"GY",H57=TIME(8,30,0),"GY",H57=TIME(5,30,0),"GY",H57=TIME(6,0,0),"GD",H57=TIME(6,30,0),"GD",H57=TIME(8,0,0),"GY",H57=TIME(6,15,0),"GD"),"")} -> GY
A58: DD | C58: MAEUIK0220627 | D58: MRSU9465052 | E58: C40HC | F58: 19720SUPECIS213589 | G58: 46298 | H58: 0.26041667 | I58: 46293 | K58: 46289 | L58: 373-STO-S10000031359 | M58: 400 | N58: 012TSOS10000399542 | O58: 350 | Q58: 46260 | R58: 726 | S58: STO | T58: 18448 | U58: 58.121408 | V58: 62.493032 | W58: 7398.84 | X58: 46283 | Y58: 46289 | AA58: 31825 | AB58: MAERSK A/S | AC58: CN8674947 | AD58: MAERSK BERMUDA | AE58: 636N | AF58: CN | AG58: PRT | AH58: CNNSA | AI58: KR | AJ58: KRPUS | AK58: PRT | AM58: INVMAEUIK0220627 | AO58: 46293 | AQ58: 부산신항만(주)자유무역지역 | AT58: 46303 | AU58: 46338 | AW58: HANJIN | BC58: DD | BE58: MAEUIK0220627 | BF58: MRSU9465052 | BG58: C40HC | CW58: {=IFERROR(_xlfn.IFS(H58=TIME(7,0,0),"GY",H58=TIME(7,30,0),"GY",H58=TIME(9,0,0),"GY",H58=TIME(15,0,0),"GY",H58=TIME(8,30,0),"GY",H58=TIME(5,30,0),"GY",H58=TIME(6,0,0),"GD",H58=TIME(6,30,0),"GD",H58=TIME(8,0,0),"GY",H58=TIME(6,15,0),"GD"),"")} -> GD
A59: DD | B59: MILK RUN NOR | C59: PLISH7H47909 | D59: SKHU6613322 | E59: C40HC | F59: 22121SUPUE068159 | G59: 46298 | H59: 0.35416667 | I59: 46294 | K59: 46293 | L59: 373-STO-S10000031366 | M59: 420 | N59: 037TSOS10000699980 | O59: 300 | P59: JUWAN78 | Q59: 46273 | R59: 726 | S59: STO | T59: 86 | U59: 13.653748 | V59: 14.871159 | W59: 1124.85 | X59: 46311 | Y59: 46289 | AA59: 33300 | AB59: LX PANTOS CO., LTD. | AC59: HAL04594 | AD59: LAEM CHABANG VOYAGER | AE59: 2606N | AF59: CN | AG59: PRT | AH59: CNSHA | AI59: KR | AJ59: KRPUS | AK59: PRT | AM59: INVPLISH7H47909 | AO59: 46293 | AQ59: 신선대감만터미널(주) 신선대CY | AR59: MILK RUN NOR | AT59: 46304 | AU59: 46369 | AW59: HANJIN | BC59: DD | BD59: MILK RUN NOR | BE59: PLISH7H47909 | BF59: SKHU6613322 | BG59: C40HC | CW59: {=IFERROR(_xlfn.IFS(H59=TIME(7,0,0),"GY",H59=TIME(7,30,0),"GY",H59=TIME(9,0,0),"GY",H59=TIME(15,0,0),"GY",H59=TIME(8,30,0),"GY",H59=TIME(5,30,0),"GY",H59=TIME(6,0,0),"GD",H59=TIME(6,30,0),"GD",H59=TIME(8,0,0),"GY",H59=TIME(6,15,0),"GD"),"")} -> GY
A60: DD | B60: MILK RUN NOR | C60: PLISH7H47909 | D60: SKHU6613322 | E60: C40HC | F60: 22121SUPUE068160 | G60: 46298 | H60: 0.35416667 | I60: 46294 | K60: 46293 | L60: 373-STO-S10000031366 | M60: 420 | N60: 037TSOS10000699980 | O60: 300 | P60: JUWAN78 | Q60: 46273 | R60: 726 | S60: STO | T60: 16 | U60: 2.858864 | V60: 3.095531 | W60: 280.17 | X60: 46311 | Y60: 46289 | AA60: 33300 | AB60: LX PANTOS CO., LTD. | AC60: HAL04594 | AD60: LAEM CHABANG VOYAGER | AE60: 2606N | AF60: CN | AG60: PRT | AH60: CNSHA | AI60: KR | AJ60: KRPUS | AK60: PRT | AM60: INVPLISH7H47909 | AO60: 46293 | AQ60: 신선대감만터미널(주) 신선대CY | AR60: MILK RUN NOR | AT60: 46304 | AU60: 46369 | AW60: HANJIN | BC60: DD | BD60: MILK RUN NOR | BE60: PLISH7H47909 | BF60: SKHU6613322 | BG60: C40HC | CW60: {=IFERROR(_xlfn.IFS(H60=TIME(7,0,0),"GY",H60=TIME(7,30,0),"GY",H60=TIME(9,0,0),"GY",H60=TIME(15,0,0),"GY",H60=TIME(8,30,0),"GY",H60=TIME(5,30,0),"GY",H60=TIME(6,0,0),"GD",H60=TIME(6,30,0),"GD",H60=TIME(8,0,0),"GY",H60=TIME(6,15,0),"GD"),"")} -> GY
A61: DD | B61: MILK RUN NOR | C61: MAEUIK0221909 | D61: MIEU4017725 | E61: C40HC | F61: 22715SUPECIS74597 | G61: 46297 | H61: 0.35416667 | I61: 46293 | K61: 46291 | L61: 373-STO-S10000031348 | M61: 400 | N61: 037TSOS10000697376 | O61: 350 | P61: SEZHA1 | Q61: 46268 | R61: 726 | S61: STO | T61: 134 | U61: 17.536918 | V61: 18.716401 | W61: 7303.14 | X61: 46280 | Y61: 46291 | AA61: 31825 | AB61: MAERSK A/S | AC61: CN7970775 | AD61: ERASMUS ICON | AE61: 638W | AF61: CN | AG61: PRT | AH61: CNSHA | AI61: KR | AJ61: KRPUS | AK61: PRT | AM61: INVMAEUIK0221909 | AO61: 46293 | AQ61: 부산신항만(주)자유무역지역 | AR61: MILK RUN NOR | AT61: 46305 | AU61: 46338 | AW61: HANJIN | BC61: DD | BD61: MILK RUN NOR | BE61: MAEUIK0221909 | BF61: MIEU4017725 | BG61: C40HC | CW61: {=IFERROR(_xlfn.IFS(H61=TIME(7,0,0),"GY",H61=TIME(7,30,0),"GY",H61=TIME(9,0,0),"GY",H61=TIME(15,0,0),"GY",H61=TIME(8,30,0),"GY",H61=TIME(5,30,0),"GY",H61=TIME(6,0,0),"GD",H61=TIME(6,30,0),"GD",H61=TIME(8,0,0),"GY",H61=TIME(6,15,0),"GD"),"")} -> GY
A62: HF | C62: MAEUIK0220867 | D62: MIEU3882117 | E62: C40HC | F62: 258DT260827726854 | G62: 46297 | H62: 0.27083333 | I62: 46288 | K62: 46285 | L62: 373-STO-S10000031331 | M62: 400 | N62: 258DTS10000201351 | O62: 350 | Q62: 46261 | R62: 726 | S62: STO | T62: 7511 | U62: 51.799106 | V62: 55.5815554 | W62: 9919.036 | X62: 46278 | Y62: 46285 | AA62: 31825 | AB62: MAERSK A/S | AC62: CN8041072 | AD62: XIN BIN ZHOU | AE62: 635N | AF62: CN | AG62: PRT | AH62: CNSHA | AI62: KR | AJ62: KRINC | AK62: PRT | AM62: INVMAEUIK0220867 | AO62: 46288 | AQ62: 한진인천컨테이너터미널(주) | AS62: 신한 | AT62: 46299 | AV62: 46303 | AW62: HANJIN | BC62: HF | BE62: MAEUIK0220867 | BF62: MIEU3882117 | BG62: C40HC | CW62: {=IFERROR(_xlfn.IFS(H62=TIME(7,0,0),"GY",H62=TIME(7,30,0),"GY",H62=TIME(9,0,0),"GY",H62=TIME(15,0,0),"GY",H62=TIME(8,30,0),"GY",H62=TIME(5,30,0),"GY",H62=TIME(6,0,0),"GD",H62=TIME(6,30,0),"GD",H62=TIME(8,0,0),"GY",H62=TIME(6,15,0),"GD"),"")} -> GD
A63: HF | C63: MAEUIK0220867 | D63: MIEU3882117 | E63: C40HC | F63: 277DT260827726855 | G63: 46297 | H63: 0.27083333 | I63: 46288 | K63: 46285 | L63: 373-STO-S10000031331 | M63: 400 | N63: 258DTS10000201351 | O63: 350 | Q63: 46261 | R63: 726 | S63: STO | T63: 433 | U63: 3.520036 | V63: 3.78476467 | W63: 595.2 | X63: 46278 | Y63: 46285 | AA63: 31825 | AB63: MAERSK A/S | AC63: CN8041072 | AD63: XIN BIN ZHOU | AE63: 635N | AF63: CN | AG63: PRT | AH63: CNSHA | AI63: KR | AJ63: KRINC | AK63: PRT | AM63: INVMAEUIK0220867 | AO63: 46288 | AQ63: 한진인천컨테이너터미널(주) | AS63: 신한 | AT63: 46299 | AV63: 46303 | AW63: HANJIN | BC63: HF | BE63: MAEUIK0220867 | BF63: MIEU3882117 | BG63: C40HC | CW63: {=IFERROR(_xlfn.IFS(H63=TIME(7,0,0),"GY",H63=TIME(7,30,0),"GY",H63=TIME(9,0,0),"GY",H63=TIME(15,0,0),"GY",H63=TIME(8,30,0),"GY",H63=TIME(5,30,0),"GY",H63=TIME(6,0,0),"GD",H63=TIME(6,30,0),"GD",H63=TIME(8,0,0),"GY",H63=TIME(6,15,0),"GD"),"")} -> GD
A64: LF | C64: MAEUIK0219759 | D64: MIEU3971370 | E64: C40HC | F64: 294DT260819726024 | G64: 46296 | H64: 0.27083333 | I64: 46288 | K64: 46285 | L64: 373-STO-S10000031332 | M64: 400 | N64: 258DTS10000200200 | O64: 350 | Q64: 46253 | R64: 726 | S64: STO | T64: 8249 | U64: 11.251925 | V64: 12.10210754 | W64: 2068.036 | X64: 46278 | Y64: 46276 | AA64: 31825 | AB64: MAERSK A/S | AC64: CN8003063 | AD64: XIN BIN ZHOU | AE64: 635N | AF64: CN | AG64: PRT | AH64: CNSHA | AI64: KR | AJ64: KRINC | AK64: PRT | AM64: INVMAEUIK0219759 | AO64: 46288 | AQ64: 한진인천컨테이너터미널(주) | AS64: 신한 | AT64: 46299 | AV64: 46303 | AW64: HANJIN | BC64: LF | BE64: MAEUIK0219759 | BF64: MIEU3971370 | BG64: C40HC | CW64: {=IFERROR(_xlfn.IFS(H64=TIME(7,0,0),"GY",H64=TIME(7,30,0),"GY",H64=TIME(9,0,0),"GY",H64=TIME(15,0,0),"GY",H64=TIME(8,30,0),"GY",H64=TIME(5,30,0),"GY",H64=TIME(6,0,0),"GD",H64=TIME(6,30,0),"GD",H64=TIME(8,0,0),"GY",H64=TIME(6,15,0),"GD"),"")} -> GD
A65: LF | C65: MAEUIK0219759 | D65: MIEU3971370 | E65: C40HC | F65: 319DT260819726026 | G65: 46296 | H65: 0.27083333 | I65: 46288 | K65: 46285 | L65: 373-STO-S10000031332 | M65: 400 | N65: 258DTS10000200200 | O65: 350 | Q65: 46253 | R65: 726 | S65: STO | T65: 13471 | U65: 37.123434 | V65: 40.03551122 | W65: 7358.324 | X65: 46278 | Y65: 46276 | AA65: 31825 | AB65: MAERSK A/S | AC65: CN8003063 | AD65: XIN BIN ZHOU | AE65: 635N | AF65: CN | AG65: PRT | AH65: CNSHA | AI65: KR | AJ65: KRINC | AK65: PRT | AM65: INVMAEUIK0219759 | AO65: 46288 | AQ65: 한진인천컨테이너터미널(주) | AS65: 신한 | AT65: 46299 | AV65: 46303 | AW65: HANJIN | BC65: LF | BE65: MAEUIK0219759 | BF65: MIEU3971370 | BG65: C40HC | CW65: {=IFERROR(_xlfn.IFS(H65=TIME(7,0,0),"GY",H65=TIME(7,30,0),"GY",H65=TIME(9,0,0),"GY",H65=TIME(15,0,0),"GY",H65=TIME(8,30,0),"GY",H65=TIME(5,30,0),"GY",H65=TIME(6,0,0),"GD",H65=TIME(6,30,0),"GD",H65=TIME(8,0,0),"GY",H65=TIME(6,15,0),"GD"),"")} -> GD
A66: DD | B66: MILK RUN NOR | C66: MAEUIK0218853 | D66: MRKU6188033 | E66: C40HC | F66: 21072SUPECIS75360 | G66: 46295 | H66: 0.35416667 | I66: 46287 | K66: 46286 | L66: 373-STO-S10000031292 | M66: 400 | N66: 037TSOS10000680809 | O66: 350 | P66: JOHUA31 | Q66: 46247 | R66: 726 | S66: STO | T66: 44 | U66: 1.98246 | V66: 2.113797 | W66: 961.78 | X66: 46272 | Y66: 46270 | AA66: 31825 | AB66: MAERSK A/S | AC66: CN9150822 | AD66: COCHRANE | AE66: 635E | AF66: CN | AG66: PRT | AH66: CNNGB | AI66: KR | AJ66: KRPUS | AK66: PRT | AM66: INVMAEUIK0218853 | AO66: 46287 | AQ66: 부산신항만(주)자유무역지역 | AR66: MILK RUN NOR | AT66: 46300 | AU66: 46332 | AW66: HANJIN | BC66: DD | BD66: MILK RUN NOR | BE66: MAEUIK0218853 | BF66: MRKU6188033 | BG66: C40HC | CW66: {=IFERROR(_xlfn.IFS(H66=TIME(7,0,0),"GY",H66=TIME(7,30,0),"GY",H66=TIME(9,0,0),"GY",H66=TIME(15,0,0),"GY",H66=TIME(8,30,0),"GY",H66=TIME(5,30,0),"GY",H66=TIME(6,0,0),"GD",H66=TIME(6,30,0),"GD",H66=TIME(8,0,0),"GY",H66=TIME(6,15,0),"GD"),"")} -> GY
A67: HF | C67: MAEUIK0220275 | D67: MIEU3004750 | E67: C40HC | F67: 258DT260824726624 | G67: 46295 | H67: 0.27083333 | I67: 46287 | K67: 46285 | L67: 373-STO-S10000031316 | M67: 400 | N67: 258DTS10000200776 | O67: 350 | Q67: 46258 | R67: 726 | S67: STO | T67: 12555 | U67: 50.52465 | V67: 54.56145729 | W67: 8846.605 | X67: 46278 | Y67: 46276 | AA67: 31825 | AB67: MAERSK A/S | AC67: CN8041361 | AD67: XIN BIN ZHOU | AE67: 635N | AF67: CN | AG67: PRT | AH67: CNSHA | AI67: KR | AJ67: KRINC | AK67: PRT | AM67: INVMAEUIK0220275 | AO67: 46287 | AQ67: 한진인천컨테이너터미널(주) | AS67: 신한 | AT67: 46299 | AV67: 46302 | AW67: HANJIN | BC67: HF | BE67: MAEUIK0220275 | BF67: MIEU3004750 | BG67: C40HC | CW67: {=IFERROR(_xlfn.IFS(H67=TIME(7,0,0),"GY",H67=TIME(7,30,0),"GY",H67=TIME(9,0,0),"GY",H67=TIME(15,0,0),"GY",H67=TIME(8,30,0),"GY",H67=TIME(5,30,0),"GY",H67=TIME(6,0,0),"GD",H67=TIME(6,30,0),"GD",H67=TIME(8,0,0),"GY",H67=TIME(6,15,0),"GD"),"")} -> GD
A68: HF | C68: MAEUIK0220275 | D68: MIEU3004750 | E68: C40HC | F68: 277DT260824726625 | G68: 46295 | H68: 0.27083333 | I68: 46287 | K68: 46285 | L68: 373-STO-S10000031316 | M68: 400 | N68: 258DTS10000200776 | O68: 350 | Q68: 46258 | R68: 726 | S68: STO | T68: 2276 | U68: 3.9398 | V68: 4.22062533 | W68: 652.576 | X68: 46278 | Y68: 46276 | AA68: 31825 | AB68: MAERSK A/S | AC68: CN8041361 | AD68: XIN BIN ZHOU | AE68: 635N | AF68: CN | AG68: PRT | AH68: CNSHA | AI68: KR | AJ68: KRINC | AK68: PRT | AM68: INVMAEUIK0220275 | AO68: 46287 | AQ68: 한진인천컨테이너터미널(주) | AS68: 신한 | AT68: 46299 | AV68: 46302 | AW68: HANJIN | BC68: HF | BE68: MAEUIK0220275 | BF68: MIEU3004750 | BG68: C40HC | CW68: {=IFERROR(_xlfn.IFS(H68=TIME(7,0,0),"GY",H68=TIME(7,30,0),"GY",H68=TIME(9,0,0),"GY",H68=TIME(15,0,0),"GY",H68=TIME(8,30,0),"GY",H68=TIME(5,30,0),"GY",H68=TIME(6,0,0),"GD",H68=TIME(6,30,0),"GD",H68=TIME(8,0,0),"GY",H68=TIME(6,15,0),"GD"),"")} -> GD
A69: DD | B69: MILK RUN NOR | C69: MAEUIK0218546 | D69: MRKU3842201 | E69: C40HC | F69: 21072SUPECIS75308 | G69: 46294 | H69: 0.35416667 | I69: 46287 | K69: 46286 | L69: 373-STO-S10000031288 | M69: 400 | N69: 037TSOS10000679463 | O69: 350 | P69: LINLI65 | Q69: 46246 | R69: 726 | S69: STO | T69: 129 | U69: 5.703841 | V69: 6.082756 | W69: 2576.95 | X69: 46272 | Y69: 46270 | AA69: 31825 | AB69: MAERSK A/S | AC69: CN9148117 | AD69: COCHRANE | AE69: 635E | AF69: CN | AG69: PRT | AH69: CNNGB | AI69: KR | AJ69: KRPUS | AK69: PRT | AM69: INVMAEUIK0218546 | AO69: 46286 | AQ69: 부산신항만(주)자유무역지역 | AR69: MILK RUN NOR | AT69: 46300 | AU69: 46332 | AW69: HANJIN | BC69: DD | BD69: MILK RUN NOR | BE69: MAEUIK0218546 | BF69: MRKU3842201 | BG69: C40HC | CW69: {=IFERROR(_xlfn.IFS(H69=TIME(7,0,0),"GY",H69=TIME(7,30,0),"GY",H69=TIME(9,0,0),"GY",H69=TIME(15,0,0),"GY",H69=TIME(8,30,0),"GY",H69=TIME(5,30,0),"GY",H69=TIME(6,0,0),"GD",H69=TIME(6,30,0),"GD",H69=TIME(8,0,0),"GY",H69=TIME(6,15,0),"GD"),"")} -> GY
A70: DD | B70: MILK RUN NOR | C70: MAEUIK0219167 | D70: MRKU2247652 | E70: C40HC | F70: 21072SUPECIS75442 | G70: 46294 | H70: 0.35416667 | I70: 46287 | K70: 46286 | L70: 373-STO-S10000031289 | M70: 400 | N70: 037TSOS10000682164 | O70: 350 | P70: LINLI65 | Q70: 46250 | R70: 726 | S70: STO | T70: 162 | U70: 9.446886 | V70: 10.050411 | W70: 3882.55 | X70: 46272 | Y70: 46270 | AA70: 31825 | AB70: MAERSK A/S | AC70: CN9057966 | AD70: COCHRANE | AE70: 635E | AF70: CN | AG70: PRT | AH70: CNNGB | AI70: KR | AJ70: KRPUS | AK70: PRT | AM70: INVMAEUIK0219167 | AO70: 46287 | AQ70: 부산신항만(주)자유무역지역 | AR70: MILK RUN NOR | AT70: 46300 | AU70: 46332 | AW70: HANJIN | BC70: DD | BD70: MILK RUN NOR | BE70: MAEUIK0219167 | BF70: MRKU2247652 | BG70: C40HC | CW70: {=IFERROR(_xlfn.IFS(H70=TIME(7,0,0),"GY",H70=TIME(7,30,0),"GY",H70=TIME(9,0,0),"GY",H70=TIME(15,0,0),"GY",H70=TIME(8,30,0),"GY",H70=TIME(5,30,0),"GY",H70=TIME(6,0,0),"GD",H70=TIME(6,30,0),"GD",H70=TIME(8,0,0),"GY",H70=TIME(6,15,0),"GD"),"")} -> GY
A71: LF | C71: MAEUIK0220243 | D71: MRKU2715244 | E71: C40HC | F71: 294DT260824726387 | G71: 46294 | H71: 0.27083333 | I71: 46288 | K71: 46285 | L71: 373-STO-S10000031315 | M71: 400 | N71: 258DTS10000200714 | O71: 350 | P71: LARXU | Q71: 46258 | R71: 726 | S71: STO | T71: 5919 | U71: 8.376329 | V71: 9.02188479 | W71: 1368.009 | X71: 46271 | Y71: 46269 | AA71: 31825 | AB71: MAERSK A/S | AC71: CN4421593 | AD71: XIN BIN ZHOU | AE71: 635N | AF71: CN | AG71: PRT | AH71: CNSHA | AI71: KR | AJ71: KRINC | AK71: PRT | AM71: INVMAEUIK0220243 | AO71: 46288 | AQ71: 한진인천컨테이너터미널(주) | AS71: 신한 | AT71: 46299 | AV71: 46303 | AW71: HANJIN | BC71: LF | BE71: MAEUIK0220243 | BF71: MRKU2715244 | BG71: C40HC | CW71: {=IFERROR(_xlfn.IFS(H71=TIME(7,0,0),"GY",H71=TIME(7,30,0),"GY",H71=TIME(9,0,0),"GY",H71=TIME(15,0,0),"GY",H71=TIME(8,30,0),"GY",H71=TIME(5,30,0),"GY",H71=TIME(6,0,0),"GD",H71=TIME(6,30,0),"GD",H71=TIME(8,0,0),"GY",H71=TIME(6,15,0),"GD"),"")} -> GD
A72: LF | C72: MAEUIK0220243 | D72: MRKU2715244 | E72: C40HC | F72: 319DT260824726388 | G72: 46294 | H72: 0.27083333 | I72: 46288 | K72: 46285 | L72: 373-STO-S10000031315 | M72: 400 | N72: 258DTS10000200714 | O72: 350 | P72: LARXU | Q72: 46258 | R72: 726 | S72: STO | T72: 16561 | U72: 39.821279 | V72: 43.02983345 | W72: 7678.979 | X72: 46271 | Y72: 46269 | AA72: 31825 | AB72: MAERSK A/S | AC72: CN4421593 | AD72: XIN BIN ZHOU | AE72: 635N | AF72: CN | AG72: PRT | AH72: CNSHA | AI72: KR | AJ72: KRINC | AK72: PRT | AM72: INVMAEUIK0220243 | AO72: 46288 | AQ72: 한진인천컨테이너터미널(주) | AS72: 신한 | AT72: 46299 | AV72: 46303 | AW72: HANJIN | BC72: LF | BE72: MAEUIK0220243 | BF72: MRKU2715244 | BG72: C40HC | CW72: {=IFERROR(_xlfn.IFS(H72=TIME(7,0,0),"GY",H72=TIME(7,30,0),"GY",H72=TIME(9,0,0),"GY",H72=TIME(15,0,0),"GY",H72=TIME(8,30,0),"GY",H72=TIME(5,30,0),"GY",H72=TIME(6,0,0),"GD",H72=TIME(6,30,0),"GD",H72=TIME(8,0,0),"GY",H72=TIME(6,15,0),"GD"),"")} -> GD
A73: DD | C73: MAEUIK0216929 | D73: TCKU1227936 | E73: C20DV | F73: 17596SUPECIS42627 | G73: 46293 | H73: 0.27083333 | I73: 46286 | K73: 46286 | L73: 373-STO-S10000031306 | M73: 400 | N73: 041TSOS10000270516 | O73: 350 | Q73: 46234 | R73: 726 | S73: STO | T73: 5296 | U73: 25.37796 | V73: 26.990716 | W73: 1399.62 | X73: 46269 | Y73: 46267 | AA73: 31825 | AB73: MAERSK A/S | AC73: ID1737614 | AD73: MERATUS JAYAWIJAYA | AE73: 632N | AF73: ID | AG73: PRT | AH73: IDJKT | AI73: KR | AJ73: KRPUS | AK73: PRT | AM73: INVMAEUIK0216929 | AO73: 46286 | AQ73: 부산신항만(주)자유무역지역 | AT73: 46300 | AU73: 46331 | AW73: HANJIN | BC73: DD | BE73: MAEUIK0216929 | BF73: TCKU1227936 | BG73: C20DV | CW73: {=IFERROR(_xlfn.IFS(H73=TIME(7,0,0),"GY",H73=TIME(7,30,0),"GY",H73=TIME(9,0,0),"GY",H73=TIME(15,0,0),"GY",H73=TIME(8,30,0),"GY",H73=TIME(5,30,0),"GY",H73=TIME(6,0,0),"GD",H73=TIME(6,30,0),"GD",H73=TIME(8,0,0),"GY",H73=TIME(6,15,0),"GD"),"")} -> GD
A74: HF | C74: MAEUIK0218825 | D74: HASU5055609 | E74: C40HC | F74: 258DT260813726995 | G74: 46292 | H74: 0.26041667 | I74: 46286 | K74: 46286 | L74: 373-STO-S10000031305 | M74: 400 | N74: 258DTS10000199217 | O74: 350 | Q74: 46247 | R74: 726 | S74: STO | T74: 7077 | U74: 50.019805 | V74: 53.96037415 | W74: 9348.3 | X74: 46262 | Y74: 46260 | AA74: 31825 | AB74: MAERSK A/S | AC74: CN7978834 | AD74: AS SIMONE | AE74: 632N | AF74: CN | AG74: PRT | AH74: CNSHA | AI74: KR | AJ74: KRPUS | AK74: PRT | AM74: INVMAEUIK0218825 | AO74: 46286 | AQ74: 부산신항만(주)자유무역지역 | AT74: 46300 | AU74: 46331 | AW74: HANJIN | BC74: HF | BE74: MAEUIK0218825 | BF74: HASU5055609 | BG74: C40HC | CW74: {=IFERROR(_xlfn.IFS(H74=TIME(7,0,0),"GY",H74=TIME(7,30,0),"GY",H74=TIME(9,0,0),"GY",H74=TIME(15,0,0),"GY",H74=TIME(8,30,0),"GY",H74=TIME(5,30,0),"GY",H74=TIME(6,0,0),"GD",H74=TIME(6,30,0),"GD",H74=TIME(8,0,0),"GY",H74=TIME(6,15,0),"GD"),"")} -> GD
A75: HF | C75: MAEUIK0218825 | D75: HASU5055609 | E75: C40HC | F75: 277DT260813726996 | G75: 46292 | H75: 0.26041667 | I75: 46286 | K75: 46286 | L75: 373-STO-S10000031305 | M75: 400 | N75: 258DTS10000199217 | O75: 350 | Q75: 46247 | R75: 726 | S75: STO | T75: 2223 | U75: 5.215098 | V75: 5.589599 | W75: 757.43 | X75: 46262 | Y75: 46260 | AA75: 31825 | AB75: MAERSK A/S | AC75: CN7978834 | AD75: AS SIMONE | AE75: 632N | AF75: CN | AG75: PRT | AH75: CNSHA | AI75: KR | AJ75: KRPUS | AK75: PRT | AM75: INVMAEUIK0218825 | AO75: 46286 | AQ75: 부산신항만(주)자유무역지역 | AT75: 46300 | AU75: 46331 | AW75: HANJIN | BC75: HF | BE75: MAEUIK0218825 | BF75: HASU5055609 | BG75: C40HC | CW75: {=IFERROR(_xlfn.IFS(H75=TIME(7,0,0),"GY",H75=TIME(7,30,0),"GY",H75=TIME(9,0,0),"GY",H75=TIME(15,0,0),"GY",H75=TIME(8,30,0),"GY",H75=TIME(5,30,0),"GY",H75=TIME(6,0,0),"GD",H75=TIME(6,30,0),"GD",H75=TIME(8,0,0),"GY",H75=TIME(6,15,0),"GD"),"")} -> GD
A76: HF | C76: HDMUSHAA92415200 | D76: HDMU4920502 | E76: C40HC | F76: 258DT260820726492 | G76: 46291 | H76: 0.26041667 | I76: 46286 | K76: 46283 | L76: 373-STO-S10000031304 | M76: 400 | N76: 258DTS10000200325 | O76: 350 | P76: JEGAO9 | Q76: 46254 | R76: 726 | S76: STO | T76: 9975 | U76: 50.398155 | V76: 54.23675665 | W76: 9390.239 | X76: 46277 | Y76: 46275 | AA76: 31676 | AB76: HMM CO., LTD. | AC76: 26H0386443 | AD76: HMM EMERALD | AE76: 0015E | AF76: CN | AG76: PRT | AH76: CNYAN | AI76: KR | AJ76: KRPUS | AK76: PRT | AM76: INVHDMUSHAA92415200 | AO76: 46286 | AQ76: 에이치엠엠피에스에이신항만(주) | AT76: 46297 | AU76: 46331 | AW76: HANJIN | BC76: HF | BE76: HDMUSHAA92415200 | BF76: HDMU4920502 | BG76: C40HC | CW76: {=IFERROR(_xlfn.IFS(H76=TIME(7,0,0),"GY",H76=TIME(7,30,0),"GY",H76=TIME(9,0,0),"GY",H76=TIME(15,0,0),"GY",H76=TIME(8,30,0),"GY",H76=TIME(5,30,0),"GY",H76=TIME(6,0,0),"GD",H76=TIME(6,30,0),"GD",H76=TIME(8,0,0),"GY",H76=TIME(6,15,0),"GD"),"")} -> GD
A77: HF | C77: HDMUSHAA92415200 | D77: HDMU4920502 | E77: C40HC | F77: 277DT260820726493 | G77: 46291 | H77: 0.26041667 | I77: 46286 | K77: 46283 | L77: 373-STO-S10000031304 | M77: 400 | N77: 258DTS10000200325 | O77: 350 | P77: JEGAO9 | Q77: 46254 | R77: 726 | S77: STO | T77: 2470 | U77: 4.958796 | V77: 5.31627233 | W77: 862.132 | X77: 46277 | Y77: 46275 | AA77: 31676 | AB77: HMM CO., LTD. | AC77: 26H0386443 | AD77: HMM EMERALD | AE77: 0015E | AF77: CN | AG77: PRT | AH77: CNYAN | AI77: KR | AJ77: KRPUS | AK77: PRT | AM77: INVHDMUSHAA92415200 | AO77: 46286 | AQ77: 에이치엠엠피에스에이신항만(주) | AT77: 46297 | AU77: 46331 | AW77: HANJIN | BC77: HF | BE77: HDMUSHAA92415200 | BF77: HDMU4920502 | BG77: C40HC | CW77: {=IFERROR(_xlfn.IFS(H77=TIME(7,0,0),"GY",H77=TIME(7,30,0),"GY",H77=TIME(9,0,0),"GY",H77=TIME(15,0,0),"GY",H77=TIME(8,30,0),"GY",H77=TIME(5,30,0),"GY",H77=TIME(6,0,0),"GD",H77=TIME(6,30,0),"GD",H77=TIME(8,0,0),"GY",H77=TIME(6,15,0),"GD"),"")} -> GD
A78: HF | C78: MAEUIK0220690 | D78: MRSU2811261 | E78: C40HC | F78: 258DT260826726785 | G78: 46289 | H78: 0.26041667 | I78: 46287 | K78: 46285 | L78: 373-STO-S10000031270 | M78: 400 | N78: 258DTS10000201120 | O78: 350 | Q78: 46260 | R78: 726 | S78: STO | T78: 8571 | U78: 51.513104 | V78: 55.43145853 | W78: 10816.329 | X78: 46278 | Y78: 46276 | AA78: 31825 | AB78: MAERSK A/S | AC78: CN4909048 | AD78: XIN BIN ZHOU | AE78: 635N | AF78: CN | AG78: PRT | AH78: CNSHA | AI78: KR | AJ78: KRINC | AK78: PRT | AM78: INVMAEUIK0220690 | AO78: 46287 | AQ78: 한진인천컨테이너터미널(주) | AS78: 신한 | AT78: 46299 | AV78: 46302 | AW78: HANJIN | BC78: HF | BE78: MAEUIK0220690 | BF78: MRSU2811261 | BG78: C40HC | CW78: {=IFERROR(_xlfn.IFS(H78=TIME(7,0,0),"GY",H78=TIME(7,30,0),"GY",H78=TIME(9,0,0),"GY",H78=TIME(15,0,0),"GY",H78=TIME(8,30,0),"GY",H78=TIME(5,30,0),"GY",H78=TIME(6,0,0),"GD",H78=TIME(6,30,0),"GD",H78=TIME(8,0,0),"GY",H78=TIME(6,15,0),"GD"),"")} -> GD
A79: HF | C79: MAEUIK0220690 | D79: MRSU2811261 | E79: C40HC | F79: 277DT260826726786 | G79: 46289 | H79: 0.26041667 | I79: 46287 | K79: 46285 | L79: 373-STO-S10000031270 | M79: 400 | N79: 258DTS10000201120 | O79: 350 | Q79: 46260 | R79: 726 | S79: STO | T79: 1056 | U79: 3.97058 | V79: 4.260117 | W79: 462.804 | X79: 46278 | Y79: 46276 | AA79: 31825 | AB79: MAERSK A/S | AC79: CN4909048 | AD79: XIN BIN ZHOU | AE79: 635N | AF79: CN | AG79: PRT | AH79: CNSHA | AI79: KR | AJ79: KRINC | AK79: PRT | AM79: INVMAEUIK0220690 | AO79: 46287 | AQ79: 한진인천컨테이너터미널(주) | AS79: 신한 | AT79: 46299 | AV79: 46302 | AW79: HANJIN | BC79: HF | BE79: MAEUIK0220690 | BF79: MRSU2811261 | BG79: C40HC | CW79: {=IFERROR(_xlfn.IFS(H79=TIME(7,0,0),"GY",H79=TIME(7,30,0),"GY",H79=TIME(9,0,0),"GY",H79=TIME(15,0,0),"GY",H79=TIME(8,30,0),"GY",H79=TIME(5,30,0),"GY",H79=TIME(6,0,0),"GD",H79=TIME(6,30,0),"GD",H79=TIME(8,0,0),"GY",H79=TIME(6,15,0),"GD"),"")} -> GD
A80: DD | C80: MAEUIK0217393 | D80: MSKU5573016 | E80: C20DV | F80: 17596SUPECIS42686 | G80: 46288 | H80: 0.27083333 | I80: 46286 | K80: 46286 | L80: 373-STO-S10000031237 | M80: 400 | N80: 041TSOS10000271328 | O80: 350 | Q80: 46238 | R80: 726 | S80: STO | T80: 5800 | U80: 25.320104 | V80: 26.918582 | W80: 1435.12 | X80: 46276 | Y80: 46274 | AA80: 31825 | AB80: MAERSK A/S | AC80: ID1208046 | AD80: JULIUS-S. | AE80: 633N | AF80: ID | AG80: PRT | AH80: IDJKT | AI80: KR | AJ80: KRPUS | AK80: PRT | AM80: INVMAEUIK0217393 | AO80: 46286 | AQ80: 부산신항만(주)자유무역지역 | AT80: 46300 | AU80: 46331 | AW80: HANJIN | BC80: DD | BE80: MAEUIK0217393 | BF80: MSKU5573016 | BG80: C20DV | CW80: {=IFERROR(_xlfn.IFS(H80=TIME(7,0,0),"GY",H80=TIME(7,30,0),"GY",H80=TIME(9,0,0),"GY",H80=TIME(15,0,0),"GY",H80=TIME(8,30,0),"GY",H80=TIME(5,30,0),"GY",H80=TIME(6,0,0),"GD",H80=TIME(6,30,0),"GD",H80=TIME(8,0,0),"GY",H80=TIME(6,15,0),"GD"),"")} -> GD
A81: HF | C81: MAEUIK0218077 | D81: MIEU3918816 | E81: C40HC | F81: 258DT260810726693 | G81: 46288 | H81: 0.375 | I81: 46286 | K81: 46286 | L81: 373-STO-S10000031267 | M81: 400 | N81: 258DTS10000198535 | O81: 350 | P81: JEGAO9 | Q81: 46244 | R81: 726 | S81: STO | T81: 8958 | U81: 48.140406 | V81: 52.11062281 | W81: 9389.31 | X81: 46263 | Y81: 46261 | AA81: 31825 | AB81: MAERSK A/S | AC81: CN7878795 | AD81: AS SIMONE | AE81: 632N | AF81: CN | AG81: PRT | AH81: CNSHA | AI81: KR | AJ81: KRPUS | AK81: PRT | AM81: INVMAEUIK0218077 | AO81: 46286 | AQ81: 부산신항만(주)자유무역지역 | AT81: 46300 | AU81: 46331 | AW81: HANJIN | BC81: HF | BE81: MAEUIK0218077 | BF81: MIEU3918816 | BG81: C40HC | CW81: {=IFERROR(_xlfn.IFS(H81=TIME(7,0,0),"GY",H81=TIME(7,30,0),"GY",H81=TIME(9,0,0),"GY",H81=TIME(15,0,0),"GY",H81=TIME(8,30,0),"GY",H81=TIME(5,30,0),"GY",H81=TIME(6,0,0),"GD",H81=TIME(6,30,0),"GD",H81=TIME(8,0,0),"GY",H81=TIME(6,15,0),"GD"),"")} -> GY
A82: HF | C82: MAEUIK0218077 | D82: MIEU3918816 | E82: C40HC | F82: 277DT260810726694 | G82: 46288 | H82: 0.375 | I82: 46286 | K82: 46286 | L82: 373-STO-S10000031267 | M82: 400 | N82: 258DTS10000198535 | O82: 350 | P82: JEGAO9 | Q82: 46244 | R82: 726 | S82: STO | T82: 2649 | U82: 7.108263 | V82: 7.70474842 | W82: 878.017 | X82: 46263 | Y82: 46261 | AA82: 31825 | AB82: MAERSK A/S | AC82: CN7878795 | AD82: AS SIMONE | AE82: 632N | AF82: CN | AG82: PRT | AH82: CNSHA | AI82: KR | AJ82: KRPUS | AK82: PRT | AM82: INVMAEUIK0218077 | AO82: 46286 | AQ82: 부산신항만(주)자유무역지역 | AT82: 46300 | AU82: 46331 | AW82: HANJIN | BC82: HF | BE82: MAEUIK0218077 | BF82: MIEU3918816 | BG82: C40HC | CW82: {=IFERROR(_xlfn.IFS(H82=TIME(7,0,0),"GY",H82=TIME(7,30,0),"GY",H82=TIME(9,0,0),"GY",H82=TIME(15,0,0),"GY",H82=TIME(8,30,0),"GY",H82=TIME(5,30,0),"GY",H82=TIME(6,0,0),"GD",H82=TIME(6,30,0),"GD",H82=TIME(8,0,0),"GY",H82=TIME(6,15,0),"GD"),"")} -> GY
A83: DD | B83: MILK RUN NOR | C83: MAEUIK0218529 | D83: MRKU3058273 | E83: C40HC | F83: 21985SUPECIS42429 | G83: 46288 | H83: 0.41666667 | I83: 46286 | K83: 46286 | L83: 373-STO-S10000031223 | M83: 420 | N83: 037TSOS10000679232 | O83: 300 | P83: JUWAN78 | Q83: 46246 | R83: 726 | S83: STO | T83: 68 | U83: 0.870816 | V83: 0.96606 | W83: 265 | X83: 46285 | Y83: 46260 | AA83: 31825 | AB83: MAERSK A/S | AC83: CN8003325 | AD83: AS SIMONE | AE83: 632N | AF83: CN | AG83: PRT | AH83: CNSHA | AI83: KR | AJ83: KRPUS | AK83: PRT | AM83: INVMAEUIK0218529 | AO83: 46286 | AQ83: 부산신항만(주)자유무역지역 | AR83: MILK RUN NOR | AT83: 46300 | AU83: 46331 | AW83: HANJIN | BC83: DD | BD83: MILK RUN NOR | BE83: MAEUIK0218529 | BF83: MRKU3058273 | BG83: C40HC | CW83: {=IFERROR(_xlfn.IFS(H83=TIME(7,0,0),"GY",H83=TIME(7,30,0),"GY",H83=TIME(9,0,0),"GY",H83=TIME(15,0,0),"GY",H83=TIME(8,30,0),"GY",H83=TIME(5,30,0),"GY",H83=TIME(6,0,0),"GD",H83=TIME(6,30,0),"GD",H83=TIME(8,0,0),"GY",H83=TIME(6,15,0),"GD"),"")}
A84: DD | B84: MILK RUN NOR | C84: MAEUIK0218529 | D84: MRKU3058273 | E84: C40HC | F84: 22121SUPUE066534 | G84: 46288 | H84: 0.41666667 | I84: 46286 | K84: 46286 | L84: 373-STO-S10000031223 | M84: 420 | N84: 037TSOS10000679232 | O84: 300 | P84: JUWAN78 | Q84: 46246 | R84: 726 | S84: STO | T84: 30 | U84: 6.12414 | V84: 6.664744 | W84: 460.49 | X84: 46277 | Y84: 46260 | AA84: 31825 | AB84: MAERSK A/S | AC84: CN8003325 | AD84: AS SIMONE | AE84: 632N | AF84: CN | AG84: PRT | AH84: CNSHA | AI84: KR | AJ84: KRPUS | AK84: PRT | AM84: INVMAEUIK0218529 | AO84: 46286 | AQ84: 부산신항만(주)자유무역지역 | AR84: MILK RUN NOR | AT84: 46300 | AU84: 46331 | AW84: HANJIN | BC84: DD | BD84: MILK RUN NOR | BE84: MAEUIK0218529 | BF84: MRKU3058273 | BG84: C40HC | CW84: {=IFERROR(_xlfn.IFS(H84=TIME(7,0,0),"GY",H84=TIME(7,30,0),"GY",H84=TIME(9,0,0),"GY",H84=TIME(15,0,0),"GY",H84=TIME(8,30,0),"GY",H84=TIME(5,30,0),"GY",H84=TIME(6,0,0),"GD",H84=TIME(6,30,0),"GD",H84=TIME(8,0,0),"GY",H84=TIME(6,15,0),"GD"),"")}
A85: DD | B85: MILK RUN NOR | C85: MAEUIK0218529 | D85: MRKU3058273 | E85: C40HC | F85: 22121SUPUE066842 | G85: 46288 | H85: 0.41666667 | I85: 46286 | K85: 46286 | L85: 373-STO-S10000031223 | M85: 420 | N85: 037TSOS10000679232 | O85: 300 | P85: JUWAN78 | Q85: 46246 | R85: 726 | S85: STO | T85: 60 | U85: 7.382088 | V85: 8.009823 | W85: 777.69 | X85: 46277 | Y85: 46260 | AA85: 31825 | AB85: MAERSK A/S | AC85: CN8003325 | AD85: AS SIMONE | AE85: 632N | AF85: CN | AG85: PRT | AH85: CNSHA | AI85: KR | AJ85: KRPUS | AK85: PRT | AM85: INVMAEUIK0218529 | AO85: 46286 | AQ85: 부산신항만(주)자유무역지역 | AR85: MILK RUN NOR | AT85: 46300 | AU85: 46331 | AW85: HANJIN | BC85: DD | BD85: MILK RUN NOR | BE85: MAEUIK0218529 | BF85: MRKU3058273 | BG85: C40HC | CW85: {=IFERROR(_xlfn.IFS(H85=TIME(7,0,0),"GY",H85=TIME(7,30,0),"GY",H85=TIME(9,0,0),"GY",H85=TIME(15,0,0),"GY",H85=TIME(8,30,0),"GY",H85=TIME(5,30,0),"GY",H85=TIME(6,0,0),"GD",H85=TIME(6,30,0),"GD",H85=TIME(8,0,0),"GY",H85=TIME(6,15,0),"GD"),"")}
A86: DD | B86: MILK RUN NOR | C86: EGLV003601021369 | D86: EMCU6403994 | E86: C20DV | F86: 22280SUP263272601CP | G86: 46288 | H86: 0.35416667 | I86: 46286 | K86: 46283 | L86: 373-STO-S10000031222 | M86: 420 | N86: 012TSOS10000393420 | O86: 300 | P86: SHLIU93 | Q86: 46245 | R86: 726 | S86: STO | T86: 1400 | U86: 5.548624 | V86: 5.989842 | W86: 439.49 | X86: 46279 | Y86: 46280 | AA86: 31267 | AB86: EVERGREEN LINE | AC86: EMCCTD7575 | AD86: EVER VIVA | AE86: 0297-022N | AF86: TW | AG86: PRT | AH86: TWTXG | AI86: KR | AJ86: KRINC | AK86: PRT | AM86: INVEGLV003601021369 | AO86: 46286 | AQ86: 인천컨테이너터미널(주) | AS86: 신한 | AT86: 46297 | AV86: 46301 | AW86: HANJIN | BC86: DD | BD86: MILK RUN NOR | BE86: EGLV003601021369 | BF86: EMCU6403994 | BG86: C20DV | CW86: {=IFERROR(_xlfn.IFS(H86=TIME(7,0,0),"GY",H86=TIME(7,30,0),"GY",H86=TIME(9,0,0),"GY",H86=TIME(15,0,0),"GY",H86=TIME(8,30,0),"GY",H86=TIME(5,30,0),"GY",H86=TIME(6,0,0),"GD",H86=TIME(6,30,0),"GD",H86=TIME(8,0,0),"GY",H86=TIME(6,15,0),"GD"),"")} -> GY
A87: DD | B87: MILK RUN NOR | C87: EGLV003601021369 | D87: EMCU6403994 | E87: C20DV | F87: 22280SUP263372601CP | G87: 46288 | H87: 0.35416667 | I87: 46286 | K87: 46283 | L87: 373-STO-S10000031222 | M87: 420 | N87: 012TSOS10000393420 | O87: 300 | P87: SHLIU93 | Q87: 46245 | R87: 726 | S87: STO | T87: 36 | U87: 0.74088 | V87: 0.804515 | W87: 58.92 | X87: 46279 | Y87: 46280 | AA87: 31267 | AB87: EVERGREEN LINE | AC87: EMCCTD7575 | AD87: EVER VIVA | AE87: 0297-022N | AF87: TW | AG87: PRT | AH87: TWTXG | AI87: KR | AJ87: KRINC | AK87: PRT | AM87: INVEGLV003601021369 | AO87: 46286 | AQ87: 인천컨테이너터미널(주) | AS87: 신한 | AT87: 46297 | AV87: 46301 | AW87: HANJIN | BC87: DD | BD87: MILK RUN NOR | BE87: EGLV003601021369 | BF87: EMCU6403994 | BG87: C20DV | CW87: {=IFERROR(_xlfn.IFS(H87=TIME(7,0,0),"GY",H87=TIME(7,30,0),"GY",H87=TIME(9,0,0),"GY",H87=TIME(15,0,0),"GY",H87=TIME(8,30,0),"GY",H87=TIME(5,30,0),"GY",H87=TIME(6,0,0),"GD",H87=TIME(6,30,0),"GD",H87=TIME(8,0,0),"GY",H87=TIME(6,15,0),"GD"),"")} -> GY
A88: HF | C88: HDMUSHAA74229300 | D88: HDMU4915018 | E88: C40HC | F88: 258DT260819726346 | G88: 46287 | H88: 0.27083333 | I88: 46283 | K88: 46283 | L88: 373-STO-S10000031191 | M88: 400 | N88: 258DTS10000200053 | O88: 350 | Q88: 46253 | R88: 726 | S88: STO | T88: 12874 | U88: 54.949135 | V88: 59.01711134 | W88: 10881.763 | X88: 46277 | Y88: 46275 | AA88: 31676 | AB88: HMM CO., LTD. | AC88: 26H0159661 | AD88: HMM EMERALD | AE88: 0015E | AF88: CN | AG88: PRT | AH88: CNYAN | AI88: KR | AJ88: KRPUS | AK88: PRT | AM88: INVHDMUSHAA74229300 | AO88: 46283 | AQ88: 에이치엠엠피에스에이신항만(주) | AT88: 46297 | AU88: 46328 | AW88: HANJIN | BC88: HF | BE88: HDMUSHAA74229300 | BF88: HDMU4915018 | BG88: C40HC | CW88: {=IFERROR(_xlfn.IFS(H88=TIME(7,0,0),"GY",H88=TIME(7,30,0),"GY",H88=TIME(9,0,0),"GY",H88=TIME(15,0,0),"GY",H88=TIME(8,30,0),"GY",H88=TIME(5,30,0),"GY",H88=TIME(6,0,0),"GD",H88=TIME(6,30,0),"GD",H88=TIME(8,0,0),"GY",H88=TIME(6,15,0),"GD"),"")} -> GD
A89: HF | C89: HDMUSHAA74229300 | D89: HDMU4915018 | E89: C40HC | F89: 277DT260819726347 | G89: 46287 | H89: 0.27083333 | I89: 46283 | K89: 46283 | L89: 373-STO-S10000031191 | M89: 400 | N89: 258DTS10000200053 | O89: 350 | Q89: 46253 | R89: 726 | S89: STO | T89: 24 | U89: 0.801936 | V89: 0.853519 | W89: 276.48 | X89: 46277 | Y89: 46275 | AA89: 31676 | AB89: HMM CO., LTD. | AC89: 26H0159661 | AD89: HMM EMERALD | AE89: 0015E | AF89: CN | AG89: PRT | AH89: CNYAN | AI89: KR | AJ89: KRPUS | AK89: PRT | AM89: INVHDMUSHAA74229300 | AO89: 46283 | AQ89: 에이치엠엠피에스에이신항만(주) | AT89: 46297 | AU89: 46328 | AW89: HANJIN | BC89: HF | BE89: HDMUSHAA74229300 | BF89: HDMU4915018 | BG89: C40HC | CW89: {=IFERROR(_xlfn.IFS(H89=TIME(7,0,0),"GY",H89=TIME(7,30,0),"GY",H89=TIME(9,0,0),"GY",H89=TIME(15,0,0),"GY",H89=TIME(8,30,0),"GY",H89=TIME(5,30,0),"GY",H89=TIME(6,0,0),"GD",H89=TIME(6,30,0),"GD",H89=TIME(8,0,0),"GY",H89=TIME(6,15,0),"GD"),"")} -> GD
A90: DD | B90: MILK RUN NOR | C90: PLISH7H45731 | D90: SKHU6551370 | E90: C40HC | F90: 21072SUPECIS75213 | G90: 46286 | H90: 0.35416667 | I90: 46282 | K90: 46281 | L90: 373-STO-S10000031178 | M90: 400 | N90: 037TSOS10000677475 | O90: 300 | P90: LINLI65 | Q90: 46244 | R90: 726 | S90: STO | T90: 117 | U90: 4.026587 | V90: 4.278408 | W90: 1878.83 | X90: 46284 | Y90: 46282 | AA90: 33300 | AB90: LX PANTOS CO., LTD. | AC90: 137376 | AD90: SAWASDEE SIRIUS | AE90: 2624E | AF90: CN | AG90: PRT | AH90: CNNGB | AI90: KR | AJ90: KRPUS | AK90: PRT | AM90: INVPLISH7H45731 | AO90: 46282 | AQ90: 신선대감만터미널(주) 신선대CY | AR90: MILK RUN NOR | AT90: 46295 | AU90: 46357 | AW90: HANJIN | BC90: DD | BD90: MILK RUN NOR | BE90: PLISH7H45731 | BF90: SKHU6551370 | BG90: C40HC | CW90: {=IFERROR(_xlfn.IFS(H90=TIME(7,0,0),"GY",H90=TIME(7,30,0),"GY",H90=TIME(9,0,0),"GY",H90=TIME(15,0,0),"GY",H90=TIME(8,30,0),"GY",H90=TIME(5,30,0),"GY",H90=TIME(6,0,0),"GD",H90=TIME(6,30,0),"GD",H90=TIME(8,0,0),"GY",H90=TIME(6,15,0),"GD"),"")} -> GY
A91: DD | B91: MILK RUN NOR | C91: MAEUIK0218873 | D91: GATU8363151 | E91: C40HC | F91: 19720SUPECIS213086 | G91: 46286 | H91: 0.35416667 | I91: 46280 | K91: 46280 | L91: 373-STO-S10000031155 | M91: 400 | N91: 012TSOS10000394903 | O91: 350 | P91: HEDXU | Q91: 46247 | R91: 726 | S91: STO | T91: 4505 | U91: 24.532367 | V91: 26.330683 | W91: 3378.81 | X91: 46269 | Y91: 46279 | AA91: 31825 | AB91: MAERSK A/S | AC91: CN7167142 | AD91: MONACO | AE91: 636X | AF91: CN | AG91: PRT | AH91: CNNSA | AI91: KR | AJ91: KRPUS | AK91: PRT | AM91: INVMAEUIK0218873 | AO91: 46280 | AQ91: 부산신항만(주)자유무역지역 | AR91: MILK RUN NOR | AT91: 46294 | AU91: 46325 | AW91: HANJIN | BC91: DD | BD91: MILK RUN NOR | BE91: MAEUIK0218873 | BF91: GATU8363151 | BG91: C40HC | CW91: {=IFERROR(_xlfn.IFS(H91=TIME(7,0,0),"GY",H91=TIME(7,30,0),"GY",H91=TIME(9,0,0),"GY",H91=TIME(15,0,0),"GY",H91=TIME(8,30,0),"GY",H91=TIME(5,30,0),"GY",H91=TIME(6,0,0),"GD",H91=TIME(6,30,0),"GD",H91=TIME(8,0,0),"GY",H91=TIME(6,15,0),"GD"),"")} -> GY
A92: HF | C92: MAEUIK0217736 | D92: MSKU1949888 | E92: C40HC | F92: 258DT260806726522 | G92: 46286 | H92: 0.27083333 | I92: 46279 | J92: 46276 | K92: 46276 | L92: 373-STO-S10000031162 | M92: 400 | N92: 258DTS10000198176 | O92: 350 | Q92: 46240 | R92: 726 | S92: STO | T92: 6404 | U92: 40.544247 | V92: 43.629357 | W92: 7162.799 | X92: 46255 | Y92: 46253 | AA92: 31825 | AB92: MAERSK A/S | AC92: CN7983916 | AD92: AS SOPHIA | AE92: 631N | AF92: CN | AG92: PRT | AH92: CNSHA | AI92: KR | AJ92: KRPUS | AK92: PRT | AM92: INVMAEUIK0217736 | AO92: 46276 | AQ92: 부산신항만(주)자유무역지역 | AR92: 검사 | AT92: 46290 | AU92: 46324 | AW92: HANJIN | BC92: HF | BE92: MAEUIK0217736 | BF92: MSKU1949888 | BG92: C40HC | CW92: {=IFERROR(_xlfn.IFS(H92=TIME(7,0,0),"GY",H92=TIME(7,30,0),"GY",H92=TIME(9,0,0),"GY",H92=TIME(15,0,0),"GY",H92=TIME(8,30,0),"GY",H92=TIME(5,30,0),"GY",H92=TIME(6,0,0),"GD",H92=TIME(6,30,0),"GD",H92=TIME(8,0,0),"GY",H92=TIME(6,15,0),"GD"),"")} -> GD
A93: HF | C93: MAEUIK0217736 | D93: MSKU1949888 | E93: C40HC | F93: 277DT260806726523 | G93: 46286 | H93: 0.27083333 | I93: 46279 | J93: 46276 | K93: 46276 | L93: 373-STO-S10000031162 | M93: 400 | N93: 258DTS10000198176 | O93: 350 | Q93: 46240 | R93: 726 | S93: STO | T93: 5365 | U93: 13.686214 | V93: 14.817705 | W93: 1815.688 | X93: 46255 | Y93: 46253 | AA93: 31825 | AB93: MAERSK A/S | AC93: CN7983916 | AD93: AS SOPHIA | AE93: 631N | AF93: CN | AG93: PRT | AH93: CNSHA | AI93: KR | AJ93: KRPUS | AK93: PRT | AM93: INVMAEUIK0217736 | AO93: 46276 | AQ93: 부산신항만(주)자유무역지역 | AR93: 검사 | AT93: 46290 | AU93: 46324 | AW93: HANJIN | BC93: HF | BE93: MAEUIK0217736 | BF93: MSKU1949888 | BG93: C40HC | CW93: {=IFERROR(_xlfn.IFS(H93=TIME(7,0,0),"GY",H93=TIME(7,30,0),"GY",H93=TIME(9,0,0),"GY",H93=TIME(15,0,0),"GY",H93=TIME(8,30,0),"GY",H93=TIME(5,30,0),"GY",H93=TIME(6,0,0),"GD",H93=TIME(6,30,0),"GD",H93=TIME(8,0,0),"GY",H93=TIME(6,15,0),"GD"),"")} -> GD
A94: DD | B94: MILK RUN NOR | C94: MAEUIK0217902 | D94: TLLU6909322 | E94: C40HC | F94: 21072SUPECIS75150 | G94: 46285 | H94: 0.35416667 | I94: 46279 | K94: 46277 | L94: 373-STO-S10000031137 | M94: 400 | N94: 037TSOS10000676315 | O94: 350 | P94: JOHUA31 | Q94: 46241 | R94: 726 | S94: STO | T94: 296 | U94: 7.358204 | V94: 7.835089 | W94: 3268.71 | X94: 46265 | Y94: 46263 | AA94: 31825 | AB94: MAERSK A/S | AC94: CN9064830 | AD94: CORCOVADO | AE94: 634E | AF94: CN | AG94: PRT | AH94: CNNGB | AI94: KR | AJ94: KRPUS | AK94: PRT | AM94: INVMAEUIK0217902 | AO94: 46279 | AQ94: 부산신항만(주)자유무역지역 | AR94: MILK RUN NOR | AT94: 46291 | AU94: 46324 | AW94: HANJIN | BC94: DD | BD94: MILK RUN NOR | BE94: MAEUIK0217902 | BF94: TLLU6909322 | BG94: C40HC | CW94: {=IFERROR(_xlfn.IFS(H94=TIME(7,0,0),"GY",H94=TIME(7,30,0),"GY",H94=TIME(9,0,0),"GY",H94=TIME(15,0,0),"GY",H94=TIME(8,30,0),"GY",H94=TIME(5,30,0),"GY",H94=TIME(6,0,0),"GD",H94=TIME(6,30,0),"GD",H94=TIME(8,0,0),"GY",H94=TIME(6,15,0),"GD"),"")} -> GY
A95: HF | C95: MAEUIK0217373 | D95: MRSU9433857 | E95: C40HC | F95: 258DT260804726412 | G95: 46285 | H95: 0.26041667 | I95: 46279 | K95: 46276 | L95: 373-STO-S10000031144 | M95: 400 | N95: 258DTS10000197771 | O95: 350 | Q95: 46238 | R95: 726 | S95: STO | T95: 11059 | U95: 53.877866 | V95: 58.07817 | W95: 9487.885 | X95: 46256 | Y95: 46254 | AA95: 31825 | AB95: MAERSK A/S | AC95: CN7937041 | AD95: AS SOPHIA | AE95: 631N | AF95: CN | AG95: PRT | AH95: CNSHA | AI95: KR | AJ95: KRPUS | AK95: PRT | AM95: INVMAEUIK0217373 | AO95: 46279 | AQ95: 부산신항만(주)자유무역지역 | AT95: 46290 | AU95: 46324 | AW95: HANJIN | BC95: HF | BE95: MAEUIK0217373 | BF95: MRSU9433857 | BG95: C40HC | CW95: {=IFERROR(_xlfn.IFS(H95=TIME(7,0,0),"GY",H95=TIME(7,30,0),"GY",H95=TIME(9,0,0),"GY",H95=TIME(15,0,0),"GY",H95=TIME(8,30,0),"GY",H95=TIME(5,30,0),"GY",H95=TIME(6,0,0),"GD",H95=TIME(6,30,0),"GD",H95=TIME(8,0,0),"GY",H95=TIME(6,15,0),"GD"),"")} -> GD
A96: HF | C96: MAEUIK0217373 | D96: MRSU9433857 | E96: C40HC | F96: 258DT260804726414 | G96: 46285 | H96: 0.26041667 | I96: 46279 | K96: 46276 | L96: 373-STO-S10000031144 | M96: 400 | N96: 258DTS10000197771 | O96: 350 | Q96: 46238 | R96: 726 | S96: STO | T96: 78 | U96: 1.15245 | V96: 1.226208 | W96: 263.328 | X96: 46256 | Y96: 46254 | AA96: 31825 | AB96: MAERSK A/S | AC96: CN7937041 | AD96: AS SOPHIA | AE96: 631N | AF96: CN | AG96: PRT | AH96: CNSHA | AI96: KR | AJ96: KRPUS | AK96: PRT | AM96: INVMAEUIK0217373 | AO96: 46279 | AQ96: 부산신항만(주)자유무역지역 | AT96: 46290 | AU96: 46324 | AW96: HANJIN | BC96: HF | BE96: MAEUIK0217373 | BF96: MRSU9433857 | BG96: C40HC | CW96: {=IFERROR(_xlfn.IFS(H96=TIME(7,0,0),"GY",H96=TIME(7,30,0),"GY",H96=TIME(9,0,0),"GY",H96=TIME(15,0,0),"GY",H96=TIME(8,30,0),"GY",H96=TIME(5,30,0),"GY",H96=TIME(6,0,0),"GD",H96=TIME(6,30,0),"GD",H96=TIME(8,0,0),"GY",H96=TIME(6,15,0),"GD"),"")} -> GD
A97: HF | C97: MAEUIK0217373 | D97: MRSU9433857 | E97: C40HC | F97: 277DT260804726415 | G97: 46285 | H97: 0.26041667 | I97: 46279 | K97: 46276 | L97: 373-STO-S10000031144 | M97: 400 | N97: 258DTS10000197771 | O97: 350 | Q97: 46238 | R97: 726 | S97: STO | T97: 30 | U97: 0.34581 | V97: 0.377 | W97: 70.8 | X97: 46256 | Y97: 46254 | AA97: 31825 | AB97: MAERSK A/S | AC97: CN7937041 | AD97: AS SOPHIA | AE97: 631N | AF97: CN | AG97: PRT | AH97: CNSHA | AI97: KR | AJ97: KRPUS | AK97: PRT | AM97: INVMAEUIK0217373 | AO97: 46279 | AQ97: 부산신항만(주)자유무역지역 | AT97: 46290 | AU97: 46324 | AW97: HANJIN | BC97: HF | BE97: MAEUIK0217373 | BF97: MRSU9433857 | BG97: C40HC | CW97: {=IFERROR(_xlfn.IFS(H97=TIME(7,0,0),"GY",H97=TIME(7,30,0),"GY",H97=TIME(9,0,0),"GY",H97=TIME(15,0,0),"GY",H97=TIME(8,30,0),"GY",H97=TIME(5,30,0),"GY",H97=TIME(6,0,0),"GD",H97=TIME(6,30,0),"GD",H97=TIME(8,0,0),"GY",H97=TIME(6,15,0),"GD"),"")} -> GD
A98: LF | C98: MAEUIK0218280 | D98: FFAU7339088 | E98: C40HC | F98: 294DT260810726697 | G98: 46284 | H98: 0.26041667 | I98: 46279 | K98: 46275 | L98: 373-STO-S10000031119 | M98: 400 | N98: 258DTS10000198714 | O98: 350 | P98: LARXU | Q98: 46244 | R98: 726 | S98: STO | T98: 7692 | U98: 17.273731 | V98: 18.54632792 | W98: 2930.137 | X98: 46268 | Y98: 46266 | AA98: 31825 | AB98: MAERSK A/S | AC98: CN4420679 | AD98: MERATUS JIMBARAN | AE98: 634N | AF98: CN | AG98: PRT | AH98: CNSHA | AI98: KR | AJ98: KRINC | AK98: PRT | AM98: INVMAEUIK0218280 | AO98: 46279 | AQ98: 한진인천컨테이너터미널(주) | AS98: 신한 | AT98: 46289 | AV98: 46294 | AW98: HANJIN | BC98: LF | BE98: MAEUIK0218280 | BF98: FFAU7339088 | BG98: C40HC | CW98: {=IFERROR(_xlfn.IFS(H98=TIME(7,0,0),"GY",H98=TIME(7,30,0),"GY",H98=TIME(9,0,0),"GY",H98=TIME(15,0,0),"GY",H98=TIME(8,30,0),"GY",H98=TIME(5,30,0),"GY",H98=TIME(6,0,0),"GD",H98=TIME(6,30,0),"GD",H98=TIME(8,0,0),"GY",H98=TIME(6,15,0),"GD"),"")} -> GD
A99: LF | C99: MAEUIK0218280 | D99: FFAU7339088 | E99: C40HC | F99: 319DT260810726698 | G99: 46284 | H99: 0.26041667 | I99: 46279 | K99: 46275 | L99: 373-STO-S10000031119 | M99: 400 | N99: 258DTS10000198714 | O99: 350 | P99: LARXU | Q99: 46244 | R99: 726 | S99: STO | T99: 11516 | U99: 31.015887 | V99: 33.38117431 | W99: 6122.855 | X99: 46268 | Y99: 46266 | AA99: 31825 | AB99: MAERSK A/S | AC99: CN4420679 | AD99: MERATUS JIMBARAN | AE99: 634N | AF99: CN | AG99: PRT | AH99: CNSHA | AI99: KR | AJ99: KRINC | AK99: PRT | AM99: INVMAEUIK0218280 | AO99: 46279 | AQ99: 한진인천컨테이너터미널(주) | AS99: 신한 | AT99: 46289 | AV99: 46294 | AW99: HANJIN | BC99: LF | BE99: MAEUIK0218280 | BF99: FFAU7339088 | BG99: C40HC | CW99: {=IFERROR(_xlfn.IFS(H99=TIME(7,0,0),"GY",H99=TIME(7,30,0),"GY",H99=TIME(9,0,0),"GY",H99=TIME(15,0,0),"GY",H99=TIME(8,30,0),"GY",H99=TIME(5,30,0),"GY",H99=TIME(6,0,0),"GD",H99=TIME(6,30,0),"GD",H99=TIME(8,0,0),"GY",H99=TIME(6,15,0),"GD"),"")} -> GD
A100: LF | C100: MAEUIK0219226 | D100: MIEU3960396 | E100: C40HC | F100: 294DT260817726647 | G100: 46283 | H100: 0.27083333 | I100: 46276 | K100: 46275 | L100: 373-STO-S10000031101 | M100: 400 | N100: 258DTS10000199628 | O100: 350 | P100: LARXU | Q100: 46251 | R100: 726 | S100: STO | T100: 5144 | U100: 9.164313 | V100: 9.88173986 | W100: 1812.923 | X100: 46268 | Y100: 46266 | AA100: 31825 | AB100: MAERSK A/S | AC100: CN3563790 | AD100: MERATUS JIMBARAN | AE100: 634N | AF100: CN | AG100: PRT | AH100: CNSHA | AI100: KR | AJ100: KRINC | AK100: PRT | AM100: INVMAEUIK0219226 | AO100: 46276 | AQ100: 한진인천컨테이너터미널(주) | AS100: 신한 | AT100: 46289 | AV100: 46291 | AW100: HANJIN | BC100: LF | BE100: MAEUIK0219226 | BF100: MIEU3960396 | BG100: C40HC | CW100: {=IFERROR(_xlfn.IFS(H100=TIME(7,0,0),"GY",H100=TIME(7,30,0),"GY",H100=TIME(9,0,0),"GY",H100=TIME(15,0,0),"GY",H100=TIME(8,30,0),"GY",H100=TIME(5,30,0),"GY",H100=TIME(6,0,0),"GD",H100=TIME(6,30,0),"GD",H100=TIME(8,0,0),"GY",H100=TIME(6,15,0),"GD"),"")} -> GD
...
